tree
version=v4
num_class=3
num_tree_per_iteration=3
label_index=0
max_feature_idx=33
objective=multiclass num_class:3
feature_names=Column_0 Column_1 Column_2 Column_3 Column_4 Column_5 Column_6 Column_7 Column_8 Column_9 Column_10 Column_11 Column_12 Column_13 Column_14 Column_15 Column_16 Column_17 Column_18 Column_19 Column_20 Column_21 Column_22 Column_23 Column_24 Column_25 Column_26 Column_27 Column_28 Column_29 Column_30 Column_31 Column_32 Column_33
feature_infos=[-63965.279665258029:219583.28409873135] [-0.04714117761153501:0.067513692659093516] [0:1] [0:1] [-3:58] [0:1] [0.074129389905134652:0.88629426751852558] [-0.022577878552276436:0.020800265296706345] [-1090.0574433346103:3443.2584947485793] [-9:36] [-17.289947072700951:46.689361443257901] [-4:15] [-5:36] [0:1] [-3299.1581478673424:9777.9975773051501] [-0.33875220743374568:0.27904011179844856] [-25:101] [-2:16] [-3:12] [-9:49] [-1:2] [-1:2] [0:1] [0.070829677168849137:0.98951338485217777] [-46:533] [0:0.70722107938073264] [1.3374116921517167:4.7994018143505803] [0.42291498768746122:1.5327831259950773] [0:1] [-0.2609328965224309:6.689571567652469] [-64:244] [-3120810.9578316063:11027402.058479678] [-2:17] [-1:2]
tree_sizes=855 972 958 983 973 977 963 978 979 976 992 990 991 987 983 977 883 970 965 994 988 967 988 981 993 978 943 973 984 989 987 987 989 985 956 1003 985 981 992 985 989 992 986 991 976 974 989 988 995 883 874 966 887 967 972 886 966 986 886 864 887 869 975 970 879 865 970 875 877 889 764 941 868 986 978 980 781 879 984 883 997 970 993 865 990 782 871 996 883 988 973 784 966 893 781 993 971 957 975 966 889 992 890 778 897 993 768 854 992 1001 1002 957 1004 854 968 762 1000 894 761 1001 864 766 982 978 980 872 764 1000 975 952 999 977 878 874 973 895 747 865 766 969 894 994 990 973 892 1000 789 996 901 997 973 794 1003 972 897 956 991 778 947 859 888 876 872 866 978 998 995 869 765 578 875 967 960 844 972 766 997 791 871 970 878 581 899 875 983 875 972 1006 872 976 793 865 899 893 866 882 582 655 877 868 864 869 745 902 785 978 875 776 764 749 972 985 1005 900 747 974 888 947 879 748 1009 771 975 692 649 801 585 779 669 790 970 685 1006 766 664 770 664 892 689 785

Tree=0
num_leaves=7
num_cat=0
split_feature=32 4 9 8 8 4
split_gain=840.34 235.143 99.5986 65.533 64.8222 33.8536
threshold=9.5000000000000018 26.500000000000004 14.500000000000002 1435.1864709536724 1725.1848209860407 37.500000000000007
decision_type=2 2 2 2 2 2
left_child=4 3 -3 -2 5 -1
right_child=1 2 -4 -5 -6 -7
leaf_value=-1.2808130690527952 -1.2488980071748359 -1.2202282306177281 -1.0889056558078036 -1.1217816894051205 -1.1621367904596103 -1.1949948666345731
leaf_weight=686.08069145679474 121.84493154287338 39.677708476781845 315.85955330729485 29.680175632238388 29.367752730846405 27.180792421102524
leaf_count=2196 390 127 1011 95 94 87
internal_value=-1.21824 -1.13911 -1.10379 -1.22183 -1.27237 -1.27729
internal_weight=1249.69 507.062 355.537 151.525 742.629 713.261
internal_count=4000 1623 1138 485 2377 2283
is_linear=0
shrinkage=1


Tree=1
num_leaves=8
num_cat=0
split_feature=14 17 26 11 26 9 17
split_gain=209.612 121.974 81.3508 56.7823 52.7611 22.3353 14.037
threshold=4803.0494390456779 3.5000000000000004 3.7090357126224949 3.5000000000000004 3.1272197369828856 17.500000000000004 5.5000000000000009
decision_type=2 2 2 2 2 2 2
left_child=1 3 -3 -1 5 -2 -6
right_child=4 2 -4 -5 6 -7 -8
leaf_value=-0.75086534951393469 -0.72745346049925463 -0.73990954912629714 -0.82830553229862169 -0.82453496968341988 -0.79574387454198481 -0.81178430329379125 -0.85741176255949259
leaf_weight=86.743712425231934 31.644701957702637 724.84982013702393 69.618344306945801 249.80700016021729 33.133864402770996 43.930292129516602 249.4347095489502
leaf_count=233 85 1947 187 671 89 118 670
internal_value=-0.781978 -0.765075 -0.747951 -0.805087 -0.835058 -0.777267 -0.850821
internal_weight=1489.16 1131.02 794.468 336.551 358.144 75.575 282.569
internal_count=4000 3038 2134 904 962 203 759
is_linear=0
shrinkage=1


Tree=2
num_leaves=8
num_cat=0
split_feature=32 17 17 13 3 3 9
split_gain=1002.71 147.027 81.3978 50.175 32.6714 30.4312 12.3831
threshold=6.5000000000000009 5.5000000000000009 3.5000000000000004 0.13784900893339744 0.40430189464103244 0.50320658663181683 6.5000000000000009
decision_type=2 2 2 2 2 2 2
left_child=1 3 4 -1 -2 -3 -4
right_child=2 5 6 -5 -6 -7 -8
leaf_value=-1.3843590132778074 -1.3330817836612656 -1.3312103728798312 -1.398584939451438 -1.2410661965150838 -1.4206361390838564 -1.4217136303853168 -1.4605472678043234
leaf_weight=19.515765011310577 43.771072953939438 45.443852812051773 17.285391867160797 224.71009427309036 60.220074892044067 41.81949645280838 662.42082381248474
leaf_count=70 157 163 62 806 216 150 2376
internal_value=-1.39938 -1.28335 -1.44871 -1.25171 -1.38408 -1.37521 -1.4588
internal_weight=1115.19 331.489 783.697 244.226 103.991 87.2633 679.706
internal_count=4000 1189 2811 876 373 313 2438
is_linear=0
shrinkage=1


Tree=3
num_leaves=8
num_cat=0
split_feature=30 14 14 26 1 26 1
split_gain=970.259 162.961 156.842 58.8922 31.5424 26.393 19.5184
threshold=61.500000000000007 4803.0494390456779 2899.7508811924663 3.1799517429118356 -0.00037193565308865851 3.5334301266479811 0.0094681789040612346
decision_type=2 2 2 2 2 2 2
left_child=1 5 6 -3 -4 -1 -2
right_child=2 3 4 -5 -6 -7 -8
leaf_value=-0.065120598702611512 -0.048988432027105608 -0.033414881610449594 0.036098661955613197 0.091713966450819071 0.13199764318763196 -0.0063288723795883305 0.040713668251496304
leaf_weight=695.53811827301979 38.059076249599457 33.942733108997345 30.392358839511871 63.710086435079575 305.78235611319542 58.190115660429001 21.022395223379135
leaf_count=2293 124 110 95 194 932 186 66
internal_value=0 -0.0481198 0.103076 0.0473291 0.124078 -0.0607834 -0.0147126
internal_weight=1246.64 851.381 395.256 97.6528 336.175 753.728 59.0815
internal_count=4000 2783 1217 304 1027 2479 190
is_linear=0
shrinkage=0.08


Tree=4
num_leaves=8
num_cat=0
split_feature=14 32 8 4 32 4 2
split_gain=182.493 251.766 91.9726 55.0991 53.034 15.2715 11.3876
threshold=4803.0494390456779 5.5000000000000009 1826.9068800513871 20.500000000000004 8.5000000000000018 24.500000000000004 0.2962619214229994
decision_type=2 2 2 2 2 2 2
left_child=1 3 -3 -1 6 -6 -2
right_child=4 2 -4 -5 5 -7 -8
leaf_value=-0.065549162342993045 -0.01956168814616735 0.047299909674517714 -0.05279674762823628 0.0051073524511980354 -0.0095496557554738438 -0.068533152832266714 0.054922978815429728
leaf_weight=222.81638991832733 16.703379660844803 750.79570844769478 60.151563107967377 97.780827343463898 37.890877932310104 270.32368943095207 30.202615797519684
leaf_count=601 45 2012 162 263 102 734 81
internal_value=0 0.0157886 0.0395606 -0.0437808 -0.0497153 -0.0618295 0.0264128
internal_weight=1486.67 1131.54 810.947 320.597 355.121 308.215 46.906
internal_count=4000 3038 2174 864 962 836 126
is_linear=0
shrinkage=0.08


Tree=5
num_leaves=8
num_cat=0
split_feature=32 4 4 1 32 1 11
split_gain=850.21 160.505 103.502 55.5368 55.0221 31.6652 16.1174
threshold=6.5000000000000009 20.500000000000004 16.500000000000004 -0.0010222301652987691 4.5000000000000009 0.0039135261978884292 5.5000000000000009
decision_type=2 2 2 2 2 2 2
left_child=1 5 3 -2 -3 -1 -4
right_child=2 4 6 -5 -6 -7 -8
leaf_value=0.15657592725877645 0.10487753608119878 0.088347006862931496 -0.061933139963084964 -0.023089273814989288 -0.016500525450833855 0.067016556021744597 -0.016025254222959241
leaf_weight=186.24286517500877 37.064923852682114 51.102168411016464 615.95853263139725 43.002989083528519 73.228967636823654 42.725024312734604 63.74462303519249
leaf_count=619 132 173 2288 157 253 144 234
internal_value=0 0.101985 -0.0476996 0.0363526 0.0267173 0.141464 -0.0578929
internal_weight=1113.07 353.299 759.771 80.0679 124.331 228.968 679.703
internal_count=4000 1189 2811 289 426 763 2522
is_linear=0
shrinkage=0.08


Tree=6
num_leaves=8
num_cat=0
split_feature=30 4 1 2 10 10 30
split_gain=824.206 106.256 77.4719 34.306 29.0583 27.5272 19.241
threshold=61.500000000000007 34.500000000000007 0.0065992928468393101 0.37743899120480601 17.898688662204474 12.726024345825456 71.500000000000014
decision_type=2 2 2 2 2 2 2
left_child=1 4 3 -2 -1 -3 -4
right_child=2 5 6 -5 -6 -7 -8
leaf_value=-0.059315913150062932 0.066447761951877446 0 0.055561576600243648 -0.024891117278019539 0.016778634668497893 0.088399124896188827 0.12093305354525695
leaf_weight=710.33721247315407 58.80474266409874 51.269992351531982 49.278084874153137 41.264454185962677 29.869004637002945 34.48197004199028 262.43859153985977
leaf_count=2420 178 164 147 133 96 103 759
internal_value=-4.20512e-05 -0.0462051 0.0919268 0.0279909 -0.0560285 0.0362654 0.111608
internal_weight=1237.74 825.958 411.786 100.069 740.206 85.752 311.717
internal_count=4000 2783 1217 311 2516 267 906
is_linear=0
shrinkage=0.08


Tree=7
num_leaves=8
num_cat=0
split_feature=14 4 8 17 9 8 4
split_gain=152.466 163.496 69.1324 59.7796 42.4088 18.9211 15.2462
threshold=4803.0494390456779 16.500000000000004 1826.9068800513871 5.5000000000000009 15.500000000000002 1165.6626848252329 24.500000000000004
decision_type=2 2 2 2 2 2 2
left_child=1 3 -3 -1 5 -2 -6
right_child=4 2 -4 -5 6 -7 -8
leaf_value=-0.055911170186265499 0.053231425371722686 0.039457260451193445 -0.046770039959400142 0.025352391191975243 -0.0064225487872766893 -0.041572984236807234 -0.064303144406406013
leaf_weight=227.15342801809311 34.194588184356689 768.43724974989891 60.748303532600403 73.14695280790329 38.835569202899933 17.178475975990295 259.7408921122551
leaf_count=618 92 2059 165 196 105 47 718
internal_value=9.23714e-05 0.0144811 0.03285 -0.0356664 -0.0457366 0.0187784 -0.0573114
internal_weight=1479.44 1129.49 829.186 300.3 349.95 51.3731 298.576
internal_count=4000 3038 2224 814 962 139 823
is_linear=0
shrinkage=0.08


Tree=8
num_leaves=8
num_cat=0
split_feature=32 1 1 30 30 30 30
split_gain=714.346 100.003 62.5633 33.3053 30.2175 28.9735 16.5479
threshold=6.5000000000000009 0.0018312495260986677 -0.0056187931291120227 32.500000000000007 31.500000000000004 51.500000000000007 14.500000000000002
decision_type=2 2 2 2 2 2 2
left_child=1 5 4 -3 -2 -1 -4
right_child=2 3 6 -5 -6 -7 -8
leaf_value=0.12341585623519288 0.043555121014003113 0.055744869639574306 -0.023090920795040173 -0.032180993562418825 -0.036468375021137284 0.0027376499193753267 -0.061882893913910622
leaf_weight=244.99606001377106 64.29040202498436 73.66067436337471 99.21991354227066 38.783347576856613 50.952089190483093 15.71889144182205 518.54001177847385
leaf_count=764 233 241 374 133 193 51 2011
internal_value=0 0.0896076 -0.0459122 0.0243305 0.00713193 0.116709 -0.0559874
internal_weight=1106.16 373.159 733.002 112.444 115.242 260.715 617.76
internal_count=4000 1189 2811 374 426 815 2385
is_linear=0
shrinkage=0.08


Tree=9
num_leaves=8
num_cat=0
split_feature=30 32 32 8 17 5 8
split_gain=704.706 107.862 68.9977 67.9594 25.1565 23.0842 17.7335
threshold=61.500000000000007 10.500000000000002 8.5000000000000018 1264.632330621391 5.5000000000000009 0.87425433136732866 1294.3588987248161
decision_type=2 2 2 2 2 2 2
left_child=1 5 6 -3 -4 -1 -2
right_child=2 3 4 -5 -6 -7 -8
leaf_value=-0.061168954542398936 -0.029703490339625268 -0.023429147443226488 0.029402593414471712 0.088171589406882162 0.10279443170983593 0.0087877654154003646 0.063609069543529614
leaf_weight=630.52158665657043 39.041096121072769 89.459589302539825 41.342799723148346 52.421244025230408 327.56534484028816 27.836426228284836 15.88280016183853
leaf_count=2241 126 294 122 155 922 93 47
internal_value=-0.000133749 -0.044371 0.0828345 0.0179481 0.0951957 -0.0580032 0
internal_weight=1224.07 800.239 423.832 141.881 368.908 658.358 54.9239
internal_count=4000 2783 1217 449 1044 2334 173
is_linear=0
shrinkage=0.08


Tree=10
num_leaves=8
num_cat=0
split_feature=32 8 32 32 1 10 13
split_gain=105.03 149.229 69.4981 36.8826 19.7392 14.5314 0.407301
threshold=4.5000000000000009 1552.4934720052599 11.500000000000002 8.5000000000000018 0.00060690720920390589 5.7330746854194272 0.18380666661802328
decision_type=2 2 2 2 2 2 2
left_child=4 2 -2 -3 6 -6 -1
right_child=1 3 -4 -5 5 -7 -8
leaf_value=-0.024298168477016255 0.032608780333547027 0.024238635146698467 -0.022986659890215557 -0.05988191462192817 -0.036532030133867494 0.039559814353144589 -0.066892385900174198
leaf_weight=15.395747721195219 834.25151988863945 35.824921369552612 168.91452848911285 204.20732662081718 42.256256848573685 21.080568790435791 147.67532873153687
leaf_count=42 2249 97 463 569 115 57 408
internal_value=0.00020128 0.00943919 0.0230877 -0.0466889 -0.0494608 -0.00875351 -0.0641052
internal_weight=1469.61 1243.2 1003.17 240.032 226.408 63.3368 163.071
internal_count=4000 3378 2712 666 622 172 450
is_linear=0
shrinkage=0.08


Tree=11
num_leaves=8
num_cat=0
split_feature=32 4 4 18 1 18 32
split_gain=616.812 106.295 92.0516 54.2607 43.3526 17.7977 8.88437
threshold=6.5000000000000009 27.500000000000004 16.500000000000004 1.5000000000000002 -0.0010222301652987691 3.5000000000000004 4.5000000000000009
decision_type=2 2 2 2 2 2 2
left_child=1 3 4 -1 -2 -4 -3
right_child=2 6 5 -5 -6 -7 -8
leaf_value=0.040130227512235911 0.091101721051913262 0.01765439767558958 -0.057764556678116023 0.11644435244687298 -0.020704585610395135 0.0029796842309426077 -0.048063995605852644
leaf_weight=91.128448069095612 39.735985815525055 15.129659712314604 599.63600538671017 246.60377430915833 41.58432237803936 28.291668340563774 34.182935684919357
leaf_count=285 132 48 2413 737 157 109 119
internal_value=-1.1177e-05 0.0807478 -0.0444052 0.0967397 0.0338023 -0.0548363 -0.0257508
internal_weight=1096.29 387.045 709.248 337.732 81.3203 627.928 49.3126
internal_count=4000 1189 2811 1022 289 2522 167
is_linear=0
shrinkage=0.08


Tree=12
num_leaves=8
num_cat=0
split_feature=17 1 2 9 11 9 13
split_gain=364.238 152.891 54.6564 50.1471 49.9956 28.0313 14.8018
threshold=6.5000000000000009 0.0091349913750688582 0.22119488841812526 13.500000000000002 1.5000000000000002 15.500000000000002 0.12874721864067096
decision_type=2 2 2 2 2 2 2
left_child=4 2 -2 -3 5 -1 -6
right_child=1 3 -4 -5 6 -7 -8
leaf_value=-0.052690903447650539 0.051945861611297647 -0.019886229396921258 -0.0341431055795254 0.084475394399024378 -0.018353903216984477 0.034112469526715608 -0.059175878553385089
leaf_weight=31.2192742228508 64.018908515572548 29.124480456113815 153.90776371955872 340.59880685806274 79.635943427681923 73.179152920842171 435.24066625535488
leaf_count=111 193 98 525 975 270 226 1602
internal_value=-0.000217788 0.044681 -0.00794817 0.0758386 -0.0430266 0.00629073 -0.0532366
internal_weight=1206.92 587.65 217.927 369.723 619.275 104.398 514.877
internal_count=4000 1791 718 1073 2209 337 1872
is_linear=0
shrinkage=0.08


Tree=13
num_leaves=8
num_cat=0
split_feature=30 18 17 2 31 5 17
split_gain=175.145 133.338 48.9965 29.6102 23.2018 14.5026 5.99636
threshold=73.500000000000014 2.5000000000000004 5.5000000000000009 0.085670101290977158 374661.9083604124 0.51317885673097208 6.5000000000000009
decision_type=2 2 2 2 2 2 2
left_child=1 3 -3 -1 6 -6 -2
right_child=4 2 -4 -5 5 -7 -8
leaf_value=-0.010885530353599317 0.041985928332775646 -0.044797238426605795 0.022069751389908042 0.038792521259718986 -0.026618337398992355 -0.069952126124873004 -0.016772614029764325
leaf_weight=80.72604763507843 15.114801764488218 246.54830023646355 92.727587044239044 706.9498855471611 85.112465500831604 207.43491286039352 23.311553359031677
leaf_count=222 41 680 250 1916 239 587 65
internal_value=0.000312425 0.0154369 -0.026138 0.0335274 -0.0505025 -0.058149 0.00480982
internal_weight=1457.93 1126.95 339.276 787.676 330.974 292.547 38.4264
internal_count=4000 3068 930 2138 932 826 106
is_linear=0
shrinkage=0.08


Tree=14
num_leaves=8
num_cat=0
split_feature=32 4 4 17 11 11 32
split_gain=528.97 88.259 85.4773 49.8897 33.2524 16.2755 7.923
threshold=6.5000000000000009 27.500000000000004 16.500000000000004 6.5000000000000009 5.5000000000000009 5.5000000000000009 4.5000000000000009
decision_type=2 2 2 2 2 2 2
left_child=1 3 4 -1 -2 -4 -3
right_child=2 6 5 -5 -6 -7 -8
leaf_value=0.097858697391054628 -0.0037957879674185313 0.015153433956224132 -0.057730923589239452 0.0019779958561159201 0.09780191983597003 -0.010401705769223057 -0.04658289533068264
leaf_weight=307.91862964630127 54.027672588825226 15.406029611825941 542.35402430593967 42.130752384662628 28.210326582193375 59.366801977157593 33.293364390730858
leaf_count=887 195 48 2288 135 94 234 119
internal_value=-6.7166e-05 0.072741 -0.0428214 0.0867736 0.0318633 -0.0533345 -0.0249855
internal_weight=1082.71 398.749 683.959 350.049 82.238 601.721 48.6994
internal_count=4000 1189 2811 1022 289 2522 167
is_linear=0
shrinkage=0.08


Tree=15
num_leaves=8
num_cat=0
split_feature=30 26 26 32 8 5 8
split_gain=547.805 108.406 62.9689 56.5729 25.8732 22.7296 18.0581
threshold=61.500000000000007 3.4094182585465984 3.012969438897517 9.5000000000000018 1224.7680162801523 0.44267857598027011 1826.9068800513871
decision_type=2 2 2 2 2 2 2
left_child=1 6 4 -3 -2 -4 -1
right_child=2 3 5 -5 -6 -7 -8
leaf_value=-0.05792305879486663 -0.033201755585811121 -0.035275221020596215 0.039676714296545831 0.067771803743364237 0.066632865058285085 0.094468337760708274 0.016790829367337258
leaf_weight=606.33423191308975 46.480810761451721 55.983348876237869 75.730223670601845 75.740357398986816 22.010012179613113 290.23122990131378 17.65009231865406
leaf_count=2308 147 199 217 222 62 791 54
internal_value=-0.000405296 -0.0416129 0.0707928 0.0232752 0 0.0838701 -0.0555481
internal_weight=1190.16 755.708 434.452 131.724 68.4908 365.961 623.984
internal_count=4000 2783 1217 421 209 1008 2362
is_linear=0
shrinkage=0.08


Tree=16
num_leaves=7
num_cat=0
split_feature=32 32 4 4 4 13
split_gain=83.3989 110.265 71.1892 68.5039 13.7174 7.21794
threshold=4.5000000000000009 10.500000000000002 26.500000000000004 16.500000000000004 25.500000000000004 0.2117048447177215
decision_type=2 2 2 2 2 2
left_child=4 3 -3 -2 5 -1
right_child=1 2 -4 -5 -6 -7
leaf_value=-0.004170464537785158 -0.019218829066794837 0.028597244141666596 -0.045244954981527974 0.037567953229215807 0.0037092898789560492 -0.057794169188053489
leaf_weight=23.673859447240829 166.72808134555817 111.13245239853859 298.63944646716118 648.64523553848267 28.035700172185898 168.75000882148743
leaf_count=66 455 304 851 1768 76 480
internal_value=0.000464545 0.00872471 -0.0248655 0.0257816 -0.044403 -0.0519762
internal_weight=1445.6 1225.15 409.772 815.373 220.46 192.424
internal_count=4000 3378 1155 2223 622 546
is_linear=0
shrinkage=0.08


Tree=17
num_leaves=8
num_cat=0
split_feature=32 26 26 13 13 28 3
split_gain=462.917 56.9963 49.0683 26.0117 24.5219 22.2384 18.3125
threshold=6.5000000000000009 3.0633850256555126 2.6979034701418652 0.13784900893339744 0.45809200130100275 0.3358944511790018 0.12187695630825064
decision_type=2 2 2 2 2 2 2
left_child=1 3 4 -1 -2 -3 -4
right_child=2 5 6 -5 -6 -7 -8
leaf_value=0 -0.018848474801806063 0.059965866454306176 0.015065946396377582 0.088207519686240077 0.059980864828250005 -0.02350177064097396 -0.053778356300345519
leaf_weight=24.695450454950333 68.021561473608017 28.595963686704636 21.88793383538723 299.36995109915733 35.496218413114548 53.317835763096809 535.60835574567318
leaf_count=79 274 84 87 855 132 171 2318
internal_value=-6.48227e-05 0.0667779 -0.041415 0.0817563 0.00798353 0.00531257 -0.0507952
internal_weight=1066.99 405.979 661.014 324.065 103.518 81.9138 557.496
internal_count=4000 1189 2811 934 406 255 2405
is_linear=0
shrinkage=0.08


Tree=18
num_leaves=8
num_cat=0
split_feature=30 26 26 32 9 1 1
split_gain=484.77 78.4444 66.1097 43.3073 26.1 17.5558 10.3584
threshold=57.500000000000007 3.4094182585465984 3.012969438897517 10.500000000000002 12.500000000000002 0.020931994424288832 0.028472317668531876
decision_type=2 2 2 2 2 2 2
left_child=1 6 5 -3 -4 -2 -1
right_child=2 3 4 -5 -6 -7 -8
leaf_value=-0.056802714952778333 -0.026538960689426624 -0.025172899932163185 -0.016908187475935438 0.069284644434367423 0.079814662935592834 0.05917539720145399 0
leaf_weight=558.9636428207159 59.003024086356163 67.202856048941612 15.61680421233177 51.629894882440567 375.57706668972969 17.033065408468246 22.981284856796265
leaf_count=2218 193 237 49 146 1030 47 80
internal_value=-0.000433235 -0.0425539 0.062355 0.0155771 0.0755497 -0.00430223 -0.0546484
internal_weight=1168.01 700.778 467.23 118.833 391.194 76.0361 581.945
internal_count=4000 2681 1319 383 1079 240 2298
is_linear=0
shrinkage=0.08


Tree=19
num_leaves=8
num_cat=0
split_feature=30 32 14 14 4 1 1
split_gain=141.282 143.545 56.9196 42.7746 38.0937 13.2005 7.14977
threshold=73.500000000000014 5.5000000000000009 5169.0341372292369 3016.312954201328 20.500000000000004 -0.0032764889849270641 0.0094681789040612346
decision_type=2 2 2 2 2 2 2
left_child=1 4 -3 6 -1 -5 -2
right_child=3 2 -4 5 -6 -7 -8
leaf_value=-0.051153491686831969 0.055363088308418171 0.040376337541714033 -0.021162222995769194 0.0027249632901736199 0.0080501529057115002 -0.061507533400673664 -0.0057828047425416244
leaf_weight=208.79901349544525 22.988803386688232 696.55915677547455 106.89730498194695 18.069148182868958 97.679906129837036 262.54289969801903 16.230266600847244
leaf_count=606 62 1896 300 50 266 775 45
internal_value=0.000578136 0.0141753 0.0319918 -0.0459307 -0.0320014 -0.0569633 0.0286036
internal_weight=1429.77 1109.94 803.456 319.831 306.479 280.612 39.2191
internal_count=4000 3068 2196 932 872 825 107
is_linear=0
shrinkage=0.08


Tree=20
num_leaves=8
num_cat=0
split_feature=32 4 4 18 18 17 18
split_gain=398.612 76.8289 71.0678 40.1115 37.4711 14.3592 13.4015
threshold=6.5000000000000009 17.500000000000004 20.500000000000004 2.5000000000000004 2.5000000000000004 6.5000000000000009 3.5000000000000004
decision_type=2 2 2 2 2 2 2
left_child=2 4 5 -4 -2 -1 -3
right_child=1 6 3 -5 -6 -7 -8
leaf_value=0.089420745281492811 -0.012640265381349049 -0.054476310238437721 -0.022395379883578231 0.064147741283492155 0.08600451100213409 0.014928361233370564 0.00085760183476376597
leaf_weight=253.82030376791954 61.022376045584679 515.27273035049438 81.500051572918892 53.74285614490509 35.973933979868889 23.345477759838104 25.014918208122253
leaf_count=692 230 2363 267 159 117 71 101
internal_value=-0.000190951 -0.0398993 0.0607254 0.0117729 0.0242276 0.0838017 -0.0517029
internal_weight=1049.69 637.284 412.409 135.243 96.9963 277.166 540.288
internal_count=4000 2811 1189 426 347 763 2464
is_linear=0
shrinkage=0.08


Tree=21
num_leaves=8
num_cat=0
split_feature=14 8 17 17 1 31 8
split_gain=413.447 75.5929 43.0464 42.4035 13.8115 10.9611 10.9165
threshold=4368.1332996186393 1767.5065101824955 5.5000000000000009 9.5000000000000018 -0.0014056029512060034 1142209.7411339812 1541.8343494130279
decision_type=2 2 2 2 2 2 2
left_child=1 3 6 -1 -4 -3 -2
right_child=2 5 4 -5 -6 -7 -8
leaf_value=-0.050791540390687458 -0.016355687932785707 0 0.012642117388136236 0.020056075585088911 0.077602078555134665 0.076672226374249433 0.055514982633627807
leaf_weight=614.86891236901283 49.968646645545959 15.486042350530623 28.541773572564125 55.121059894561768 327.38280186057091 35.056270703673363 15.073337122797964
leaf_count=2461 172 48 91 176 913 97 42
internal_value=-0.000607441 -0.0374681 0.0620194 -0.0447211 0.0728764 0.0535552 0.00024988
internal_weight=1141.5 720.532 420.967 669.99 355.925 50.5423 65.042
internal_count=4000 2782 1218 2637 1004 145 214
is_linear=0
shrinkage=0.08


Tree=22
num_leaves=8
num_cat=0
split_feature=14 32 26 1 32 26 2
split_gain=92.2657 114.353 50.1912 36.5109 31.1812 16.1804 8.27149
threshold=4803.0494390456779 5.5000000000000009 3.7090357126224949 0.0037057877077464967 8.5000000000000018 2.9284090971994772 0.2962619214229994
decision_type=2 2 2 2 2 2 2
left_child=1 3 -3 -1 6 -6 -2
right_child=4 2 -4 -5 5 -7 -8
leaf_value=-0.044852558495709405 -0.01745739569108758 0.034272773505800942 -0.036072896475143001 0.020752754403872024 0.0091595793108754341 -0.052947997596494635 0.046242137063042088
leaf_weight=231.80518355965614 16.194045722484589 719.87459635734558 67.252953708171844 65.861732065677643 25.509776026010513 251.40629088878632 29.727271676063538
leaf_count=681 45 1983 191 183 72 764 81
internal_value=0.000699886 0.0119675 0.0279964 -0.0298754 -0.0365546 -0.046761 0.0216327
internal_weight=1407.63 1084.79 787.128 297.667 322.837 276.916 45.9213
internal_count=4000 3038 2174 864 962 836 126
is_linear=0
shrinkage=0.08


Tree=23
num_leaves=8
num_cat=0
split_feature=30 11 26 11 26 26 14
split_gain=258.056 95.6448 40.4168 39.8725 24.9234 19.1206 8.78217
threshold=31.500000000000004 4.5000000000000009 2.8869564666037948 4.5000000000000009 2.8463876403169546 2.869103881160513 1326.8427403533076
decision_type=2 2 2 2 2 2 2
left_child=1 2 -1 6 -3 -5 -2
right_child=3 4 -4 5 -6 -7 -8
leaf_value=0.033190468240635186 -0.0010101951861634841 0.088137688011432083 -0.029631420540452723 0.034380615774396446 0.035540553992074723 -0.030470809836636175 -0.057874942581546261
leaf_weight=128.62348689138889 22.922253161668777 177.41226130723953 127.1395528614521 51.55152240395546 108.02037543058395 59.350341692566872 352.9537098556757
leaf_count=438 92 511 503 174 356 243 1683
internal_value=-0.000166898 0.0376322 0.00151654 -0.0424097 0.0692253 0 -0.0547593
internal_weight=1027.97 541.196 255.763 486.778 285.433 110.902 375.876
internal_count=4000 1808 941 2192 867 417 1775
is_linear=0
shrinkage=0.08


Tree=24
num_leaves=8
num_cat=0
split_feature=26 8 2 10 11 10 8
split_gain=302.845 87.2749 41.6689 32.3179 24.3733 19.7753 12.0545
threshold=3.3938529161124729 1286.6167723520282 0.56402527940902802 12.726024345825456 4.5000000000000009 13.211936819695604 1250.3517743632099
decision_type=2 2 2 2 2 2 2
left_child=1 3 4 -1 -2 -3 -4
right_child=2 5 6 -5 -6 -7 -8
leaf_value=-0.053130173391339776 0.073501712039857281 0.00073512041331384487 -0.032306941134300188 -0.00041832596747517153 -0.0015080935932531262 0.063812349430478837 0.036949175021245922
leaf_weight=491.86560779809952 301.61769025027752 93.608462914824486 37.105191424489021 93.098904937505722 26.935797020792961 48.582909420132637 23.324622258543968
leaf_count=2070 848 320 132 335 86 139 70
internal_value=-0.000739924 -0.0312945 0.0558742 -0.04499 0.0670322 0.0239866 -0.00320043
internal_weight=1116.14 727.156 388.983 584.965 328.553 142.191 60.4298
internal_count=4000 2864 1136 2405 934 459 202
is_linear=0
shrinkage=0.08


Tree=25
num_leaves=8
num_cat=0
split_feature=30 32 26 1 1 8 26
split_gain=110.609 106.199 46.7547 32.6381 22.23 15.256 6.34457
threshold=73.500000000000014 5.5000000000000009 3.7090357126224949 0.0037057877077464967 0.0068127937319043741 1208.7111283497954 3.029606377795349
decision_type=2 2 2 2 2 2 2
left_child=1 3 -3 -1 5 -2 -6
right_child=4 2 -4 -5 6 -7 -8
leaf_value=-0.042016106175024263 0.030658620563550537 0.034528064074969694 -0.031296325099200051 0.019660821450253704 -0.010320063946622828 -0.042921855346994109 -0.057863113566233304
leaf_weight=228.99822980165482 39.05698037147522 716.42368271946907 72.156861156225204 66.990597367286682 28.155142992734909 28.54080069065094 208.53450492024422
leaf_count=686 109 1989 207 186 81 85 657
internal_value=0.000812321 0.0128696 0.0282576 -0.0275983 -0.0414789 0 -0.0529083
internal_weight=1388.86 1084.57 788.581 295.989 304.287 67.5978 236.69
internal_count=4000 3068 2196 872 932 194 738
is_linear=0
shrinkage=0.08


Tree=26
num_leaves=8
num_cat=0
split_feature=4 11 30 11 3 14 28
split_gain=297.987 60.7313 43.47 25.0368 22.3475 18.57 16.8424
threshold=20.500000000000004 3.5000000000000004 -1.0000000180025095e-35 5.5000000000000009 0.7424749082467782 2385.5313650467938 0.32900074254203898
decision_type=2 2 2 2 2 2 2
left_child=1 5 6 -4 -3 -1 -2
right_child=2 4 3 -5 -6 -7 -8
leaf_value=0.031866104132163328 0.076411980784016786 0.075765665252336911 -0.051554031657795756 0 0 -0.031122507902023144 -0.0046304493184998411
leaf_weight=57.363948658108711 21.654848843812943 280.36357541382313 453.60120268166065 71.330763980746269 28.909106969833374 56.416617497801781 40.961045652627945
leaf_count=189 69 810 2187 264 99 226 156
internal_value=-0.000180108 0.0506945 -0.0370861 -0.0446676 0.0689275 0 0.0237803
internal_weight=1010.6 423.053 587.548 524.932 309.273 113.781 62.6159
internal_count=4000 1324 2676 2451 909 415 225
is_linear=0
shrinkage=0.08


Tree=27
num_leaves=8
num_cat=0
split_feature=30 26 32 32 26 1 1
split_gain=341.656 59.9977 45.0793 30.1211 22.4477 12.2722 12.0417
threshold=57.500000000000007 3.444395826334993 8.5000000000000018 10.500000000000002 2.7864728147818076 0.026506393684642356 0.013425440458286154
decision_type=2 2 2 2 2 2 2
left_child=1 5 6 -3 -4 -1 -2
right_child=2 3 4 -5 -6 -7 -8
leaf_value=-0.053071168804641917 -0.037925013611621393 -0.021952617223345669 -0.013909524689346848 0.060492611987184426 0.065938029789699912 0 0.030534726199069908
leaf_weight=495.59345774352551 38.342293530702591 58.924667850136757 20.354606345295906 47.886465549468994 374.98403537273407 31.683668360114098 23.006057649850845
leaf_count=2217 139 213 66 134 1046 117 68
internal_value=-0.000887693 -0.0389205 0.0515674 0.01456 0.0614519 -0.0500015 -0.0101606
internal_weight=1090.78 634.088 456.687 106.811 395.339 527.277 61.3484
internal_count=4000 2681 1319 347 1112 2334 207
is_linear=0
shrinkage=0.08


Tree=28
num_leaves=8
num_cat=0
split_feature=26 4 4 26 13 4 5
split_gain=63.2097 75.6635 33.6996 29.1418 25.5997 9.96426 7.73934
threshold=3.5194338273385974 16.500000000000004 40.500000000000007 2.9349100960840975 0.29973686385353943 28.500000000000004 0.4460923856683166
decision_type=2 2 2 2 2 2 2
left_child=1 3 -3 -1 6 -6 -2
right_child=4 2 -4 -5 5 -7 -8
leaf_value=-0.042524934642554274 -0.012062826926299949 0.026415507597419844 -0.03873849614627517 0.013117545298136869 0.037316691459977298 -0.018412078338967391 -0.055528729378014584
leaf_weight=196.87091219425201 42.47256937623024 761.39267817139626 50.38713276386261 80.464769214391708 33.824312955141068 41.188399881124496 161.44734990596771
leaf_count=588 126 2175 152 230 95 129 505
internal_value=0.000904067 0.00970505 0.0220964 -0.0259854 -0.0327721 0.0056473 -0.0473617
internal_weight=1368.05 1089.12 811.78 277.336 278.933 75.0127 203.92
internal_count=4000 3145 2327 818 855 224 631
is_linear=0
shrinkage=0.08


Tree=29
num_leaves=8
num_cat=0
split_feature=32 4 4 30 30 5 32
split_gain=280.438 65.0699 50.5088 31.9599 26.6384 13.534 5.96519
threshold=6.5000000000000009 17.500000000000004 27.500000000000004 49.500000000000007 14.500000000000002 0.17650396226499279 4.5000000000000009
decision_type=2 2 2 2 2 2 2
left_child=2 4 3 -1 -2 -3 -4
right_child=1 5 6 -5 -6 -7 -8
leaf_value=0.066558882444977568 0.063467862247314599 -0.008229047604705159 0.0085382133567536555 -0.020545048395392045 -0.016743621959239407 -0.053267456398631209 -0.044212339107329149
leaf_weight=339.88625448942184 47.686963185667992 55.963131606578827 15.923426315188406 25.700166031718254 49.960407018661499 423.86340355873108 31.599865883588791
leaf_count=941 157 261 48 81 190 2203 119
internal_value=-0.000149543 -0.0361995 0.049853 0.0599927 0.0219603 -0.0483468 -0.0247048
internal_weight=990.584 577.474 413.11 365.586 97.6474 479.827 47.5233
internal_count=4000 2811 1189 1022 347 2464 167
is_linear=0
shrinkage=0.08


Tree=30
num_leaves=8
num_cat=0
split_feature=30 32 32 9 26 26 30
split_gain=301.629 52.7836 43.6668 22.5432 20.9111 18.3867 12.4695
threshold=56.500000000000007 11.500000000000002 8.5000000000000018 12.500000000000002 3.1994354970741647 3.7090357126224949 84.500000000000014
decision_type=2 2 2 2 2 2 2
left_child=1 5 6 -4 -3 -1 -2
right_child=2 4 3 -5 -6 -7 -8
leaf_value=-0.050372372989372693 -0.039368075922420254 -0.024498917598730765 -0.026882000594402697 0.061343289770098827 0.058910278797926513 0.014544501217037405 0.029462810855700163
leaf_weight=506.41491158306599 40.159751147031784 28.390386745333672 15.922984957695006 380.8118981719017 42.932449981570244 25.309358760714531 23.19390170276165
leaf_count=2337 149 110 53 1077 125 79 70
internal_value=-0.00101638 -0.0382674 0.0474817 0.057327 0.0244456 -0.0469937 -0.0121677
internal_weight=1063.14 603.047 460.089 396.735 71.3228 531.724 63.3537
internal_count=4000 2651 1349 1130 235 2416 219
is_linear=0
shrinkage=0.08


Tree=31
num_leaves=8
num_cat=0
split_feature=32 32 18 2 17 18 13
split_gain=45.7214 60.7032 45.5964 23.8828 12.5407 10.0556 1.81367
threshold=4.5000000000000009 11.500000000000002 4.5000000000000009 0.56402527940902802 4.5000000000000009 2.5000000000000004 0.2117048447177215
decision_type=2 2 2 2 2 2 2
left_child=4 2 -2 -3 6 -6 -1
right_child=1 3 -4 -5 5 -7 -8
leaf_value=-0.0088041970556870328 0.021435583105446555 -0.040341500116750424 -0.050384442583288447 0.025123196314290431 0.02653575915898064 -0.034019755288800038 -0.050939158886524068
leaf_weight=15.911375492811201 857.10433104634285 194.17348682880402 56.85293585062027 39.01380243897438 31.682941675186157 31.768952310085297 121.39259451627731
leaf_count=48 2489 613 161 115 89 95 390
internal_value=0.00103411 0.00730554 0.0166869 -0.0287008 -0.0337926 -0.0021443 -0.0472043
internal_weight=1347.9 1147.14 913.957 233.187 200.756 63.4519 137.304
internal_count=4000 3378 2650 728 622 184 438
is_linear=0
shrinkage=0.08


Tree=32
num_leaves=8
num_cat=0
split_feature=32 11 10 26 32 14 11
split_gain=247.166 59.0812 33.5327 23.9444 21.7604 14.9007 9.12171
threshold=6.5000000000000009 5.5000000000000009 4.4734290889824235 2.72515056424285 9.5000000000000018 1435.4107116414677 2.5000000000000004
decision_type=2 2 2 2 2 2 2
left_child=2 5 6 -4 -3 -2 -1
right_child=1 4 3 -5 -6 -7 -8
leaf_value=0.012708419471392878 -0.0011244849643911776 0.051868748167671196 0.049900227915768793 -0.009699129947154949 -0.029929540381303188 -0.050907729825416734 0.070537319425169942
leaf_weight=26.176115423440933 47.892406269907951 58.628004923462868 74.506835773587227 89.777731016278267 27.049927607178688 423.56932526826859 221.33247065544128
leaf_count=81 214 211 214 278 117 2269 616
internal_value=-0.000198962 -0.0349836 0.0464866 0.0170234 0.0245516 -0.0461426 0.0651259
internal_weight=968.933 557.14 411.793 164.285 85.6779 471.462 247.509
internal_count=4000 2811 1189 492 328 2483 697
is_linear=0
shrinkage=0.08


Tree=33
num_leaves=8
num_cat=0
split_feature=14 32 10 26 1 8 2
split_gain=281.1 57.6856 37.2188 18.7537 17.6945 15.4171 14.8727
threshold=3941.8182616061285 8.5000000000000018 12.726024345825456 3.012969438897517 0.016947523533265656 1443.6824576591082 0.29903557356031929
decision_type=2 2 2 2 2 2 2
left_child=2 6 5 -3 -4 -1 -2
right_child=1 3 4 -5 -6 -7 -8
leaf_value=-0.053523046593405087 0.031011779346783206 0.0072309138440406944 -0.018853945535791103 0.063616060619142226 0.048704924226111265 -0.0030059428610861149 -0.03996459264340959
leaf_weight=415.77203521132469 23.767850697040558 48.80137825012207 68.365456163883209 342.88866181671619 34.573415517807007 48.602014273405075 54.424482807517052
leaf_count=1977 79 166 269 992 106 174 237
internal_value=-0.00101016 0.04448 -0.038934 0.0570033 0.00344057 -0.0485458 -0.0165635
internal_weight=1037.2 469.882 567.313 391.69 102.939 464.374 78.1923
internal_count=4000 1474 2526 1158 375 2151 316
is_linear=0
shrinkage=0.08


Tree=34
num_leaves=8
num_cat=0
split_feature=30 32 8 17 1 8 31
split_gain=81.6299 71.8814 34.9121 28.1536 18.62 12.103 8.73872
threshold=73.500000000000014 5.5000000000000009 1826.9068800513871 5.5000000000000009 0.0068127937319043741 1208.7111283497954 332876.65879681375
decision_type=2 2 2 2 2 2 2
left_child=1 3 -3 -1 5 -2 -6
right_child=4 2 -4 -5 6 -7 -8
leaf_value=-0.036711192490783626 0.029024018518370446 0.029303067251554449 -0.034199074322515746 0.021394165645683742 0 -0.037716845316461627 -0.052441220655116826
leaf_weight=215.24479633569717 38.350260436534882 707.13948291540146 55.912224769592285 65.630651831626892 19.468461483716965 26.964505434036255 200.14351272583008
leaf_count=688 109 2029 167 184 61 85 677
internal_value=0.00112761 0.011587 0.0243776 -0.0226287 -0.0364988 0 -0.047522
internal_weight=1328.85 1043.93 763.052 280.875 284.927 65.3148 219.612
internal_count=4000 3068 2196 872 932 194 738
is_linear=0
shrinkage=0.08


Tree=35
num_leaves=8
num_cat=0
split_feature=18 1 17 17 17 1 33
split_gain=216.046 82.7708 41.8624 28.0102 16.7151 13.4832 7.26586
threshold=2.5000000000000004 -0.00088743063167387676 4.5000000000000009 6.5000000000000009 3.5000000000000004 0.0053480398853277761 1.0000000180025095e-35
decision_type=2 2 2 2 2 2 2
left_child=1 2 -1 5 -3 -2 -5
right_child=3 4 -4 6 -6 -7 -8
leaf_value=0.047609370754745473 0.072884840578046978 -0.0072748135998171202 -0.021075143988116742 0.024863709205871991 -0.054180420099662813 0.019675522534248365 -0.036149796577373536
leaf_weight=108.43127524852753 216.37191691994667 64.368193581700325 110.57444363832474 22.284220397472382 358.68715581297874 46.193102523684502 20.834693670272827
leaf_count=349 637 252 478 83 1943 158 100
internal_value=-0.000348201 -0.0268112 0.0125743 0.0545666 -0.0474268 0.0643036 -0.00244932
internal_weight=947.745 642.061 219.006 305.684 423.055 262.565 43.1189
internal_count=4000 3022 827 978 2195 795 183
is_linear=0
shrinkage=0.08


Tree=36
num_leaves=8
num_cat=0
split_feature=14 32 8 9 32 8 26
split_gain=248.152 50.7065 34.3883 22.5263 20.5247 13.2983 11.978
threshold=3941.8182616061285 8.5000000000000018 1270.615362248978 12.500000000000002 9.5000000000000018 1136.7456214630658 3.7090357126224949
decision_type=2 2 2 2 2 2 2
left_child=2 5 6 -3 -4 -2 -1
right_child=1 3 4 -5 -6 -7 -8
leaf_value=-0.050125246104207329 -0.039361377194539714 -0.028527092485300096 -0.033814880104520703 0.057837870654319654 0.035646840810580296 0.027194759964325837 0.0086381718224847002
leaf_weight=424.6063050031662 51.702479168772697 16.756766095757484 46.92732697725296 368.20158699154854 56.110070839524269 24.968324556946754 18.925365820527077
leaf_count=2096 231 65 201 1093 169 85 60
internal_value=-0.00117914 0.0417394 -0.0376762 0.0535777 0.00281788 -0.0159729 -0.0473079
internal_weight=1008.2 461.629 546.569 384.958 103.037 76.6708 443.532
internal_count=4000 1474 2526 1158 370 316 2156
is_linear=0
shrinkage=0.08


Tree=37
num_leaves=8
num_cat=0
split_feature=14 18 8 4 9 28 2
split_gain=57.3284 59.0051 37.2181 36.728 14.133 8.85216 3.07967
threshold=5143.5168564985097 2.5000000000000004 1826.9068800513871 22.500000000000004 15.500000000000002 0.38162773004179923 0.42685073825463132
decision_type=2 2 2 2 2 2 2
left_child=1 2 -1 -3 6 -6 -2
right_child=4 3 -4 -5 5 -7 -8
leaf_value=0.026409865145797521 -0.0092910703574996777 -0.039660124401029562 -0.03579239036371229 0.01838609496327755 0.0035150117945666362 -0.048018372992858195 0.032664503576514382
leaf_weight=704.85195188224316 16.166693568229675 205.17724700272083 63.275283455848694 99.495306357741356 18.865506485104561 180.09290073812008 17.396476596593857
leaf_count=2085 50 644 204 287 61 619 50
internal_value=0.0012256 0.00913765 0.021011 -0.0203198 -0.0344206 -0.0425581 0.0100692
internal_weight=1305.32 1072.8 768.127 304.673 232.522 198.958 33.5632
internal_count=4000 3220 2289 931 780 680 100
is_linear=0
shrinkage=0.08


Tree=38
num_leaves=8
num_cat=0
split_feature=18 1 17 26 17 11 11
split_gain=191.462 75.8543 36.0741 26.8516 15.7374 15.2624 6.47239
threshold=2.5000000000000004 -0.00088743063167387676 4.5000000000000009 2.9858459558654986 3.5000000000000004 6.5000000000000009 2.5000000000000004
decision_type=2 2 2 2 2 2 2
left_child=1 2 -1 6 -3 -5 -2
right_child=3 4 -4 5 -6 -7 -8
leaf_value=0.044223454072423181 0.017107551299830361 -0.0071388992805926149 -0.019813404213767986 -0.0098062850175821854 -0.053063126076128876 0.061977259142829734 0.070959977098507598
leaf_weight=108.35066403448582 24.371528089046478 63.844156071543694 108.46551865339279 59.907899037003517 341.40608632564545 23.247302532196045 196.3718835413456
leaf_count=349 90 252 478 247 1943 67 574
internal_value=-0.000313392 -0.0258479 0.011809 0.0513053 -0.0462277 0.0103284 0.0658597
internal_weight=925.965 622.066 216.816 303.899 405.25 83.1552 220.743
internal_count=4000 3022 827 978 2195 314 664
is_linear=0
shrinkage=0.08


Tree=39
num_leaves=8
num_cat=0
split_feature=14 4 10 2 1 1 13
split_gain=218.347 51.5114 24.789 21.3069 14.1174 12.4078 11.6393
threshold=3723.3198801143199 26.500000000000004 12.808065266807786 0.2962619214229994 0.0025955289034346632 0.016947523533265656 0.25007572820423185
decision_type=2 2 2 2 2 2 2
left_child=2 3 6 -2 -3 -4 -1
right_child=1 4 5 -5 -6 -7 -8
leaf_value=-0.025157937993865433 0.034998894596598502 0.0091312052390407801 -0.020083278325370352 -0.030002416935555706 0.057978252047541083 0.044173301608549771 -0.057165573522654549
leaf_weight=130.71451700478792 46.944618552923203 51.333892464637756 55.797181442379951 85.66772572696209 309.92213383316994 25.542518451809883 274.43359433114529
leaf_count=587 149 175 233 360 950 81 1465
internal_value=-0.00131904 0.0359181 -0.0393547 -0.00584194 0.051499 0 -0.0473937
internal_weight=980.356 493.868 486.488 132.612 361.256 81.3397 405.148
internal_count=4000 1634 2366 509 1125 314 2052
is_linear=0
shrinkage=0.08


Tree=40
num_leaves=8
num_cat=0
split_feature=26 18 1 10 6 13 11
split_gain=43.267 43.7229 23.665 15.1112 5.21761 3.19958 1.0287
threshold=3.7090357126224949 3.5000000000000004 0.026506393684642356 1.970657762808359 0.52648481831960348 0.20890192474170313 3.5000000000000004
decision_type=2 2 2 2 2 2 2
left_child=1 2 -1 -3 5 -2 -6
right_child=4 3 -4 -5 6 -7 -8
leaf_value=0.018024924384746718 -0.028850435322765117 -0.05488950270079921 -0.021637663371785427 -0.0064785377545963684 -0.052896246980162813 0.010007779198019961 -0.012411822744231381
leaf_weight=855.58817337453365 25.349441692233086 78.870379060506821 103.25525039434433 98.204266741871834 89.744522869586945 17.787002563476562 15.038472339510916
leaf_count=2602 89 254 329 305 315 57 49
internal_value=0.00131159 0.00673217 0.0135748 -0.0292628 -0.0388259 -0.0106177 -0.0487065
internal_weight=1283.84 1135.92 958.843 177.075 147.919 43.1364 104.783
internal_count=4000 3490 2931 559 510 146 364
is_linear=0
shrinkage=0.08


Tree=41
num_leaves=8
num_cat=0
split_feature=4 32 32 10 28 30 24
split_gain=180.992 55.8339 50.5306 18.0253 15.9821 11.1708 7.7425
threshold=20.500000000000004 4.5000000000000009 8.5000000000000018 2.1408546139771203 0.32900074254203898 7.5000000000000009 252.50000000000003
decision_type=2 2 2 2 2 2 2
left_child=2 6 3 -1 -3 -4 -2
right_child=1 4 5 -5 -6 -7 -8
leaf_value=0.071553062499461986 0.054538776719965439 -0.0042424590361344024 0.023636042224420985 0.031741335791946219 -0.049026642429556587 -0.041982834720839364 -0.0018174313695150141
leaf_weight=163.82225136458874 43.078682780265808 66.615434095263481 19.503061503171921 172.86117753386497 372.98189297318459 49.140423685312271 17.312418416142464
leaf_count=482 121 321 70 539 2182 233 52
internal_value=-0.000298046 -0.0325501 0.0391392 0.0519269 -0.042586 -0.0214551 0.0371686
internal_weight=905.315 499.988 405.327 336.683 439.597 68.6435 60.3911
internal_count=4000 2676 1324 1021 2503 303 173
is_linear=0
shrinkage=0.08


Tree=42
num_leaves=8
num_cat=0
split_feature=14 4 4 2 2 2 13
split_gain=194.983 45.6506 24.0186 19.2587 13.392 11.3144 7.9934
threshold=3723.3198801143199 26.500000000000004 32.500000000000007 0.39414351253742747 0.27582366871185804 0.7540512752088474 0.25007572820423185
decision_type=2 2 2 2 2 2 2
left_child=2 3 6 -2 -4 -3 -1
right_child=1 5 4 -5 -6 -7 -8
leaf_value=-0.026915167903147602 0.02437759877326422 0.052122664473879754 0.039407043645496902 -0.035359192953100867 -0.025670234182870164 -0.0045645373221469632 -0.054644496490053075
leaf_weight=130.485401712358 63.302259370684624 336.12316772341728 32.965659350156784 67.485982976853848 42.617709934711456 19.511159494519234 263.66097828745842
leaf_count=607 213 1054 103 296 174 71 1482
internal_value=-0.00139794 0.033871 -0.0381572 -0.005651 0.00160699 0.0486659 -0.0460393
internal_weight=956.152 486.423 469.73 130.788 75.5834 355.634 394.146
internal_count=4000 1634 2366 509 277 1125 2089
is_linear=0
shrinkage=0.08


Tree=43
num_leaves=8
num_cat=0
split_feature=30 4 1 14 14 1 1
split_gain=61.7064 55.918 30.3366 26.3329 22.6418 8.10043 5.07376
threshold=72.500000000000014 16.500000000000004 0.0018312495260986677 3016.312954201328 5035.0081760787225 -0.0032764889849270641 0.0094681789040612346
decision_type=2 2 2 2 2 2 2
left_child=1 2 -1 6 -3 -5 -2
right_child=3 4 -4 5 -6 -7 -8
leaf_value=-0.039103172365905929 0.04673529856894823 0.027784205577678273 0.018428531851463332 0.0039555311797279157 -0.01150539918262521 -0.046784446769062127 -0.0039858787502135892
leaf_weight=179.57383789122105 23.828033924102783 630.41326838731766 81.020484179258347 16.953395277261734 103.79420633614063 214.93997944891453 15.654391616582869
leaf_count=591 68 1896 238 50 321 790 46
internal_value=0.00135641 0.0106828 -0.0207548 -0.0321377 0.0220429 -0.0425609 0.0249388
internal_weight=1266.18 994.802 260.594 271.376 734.207 231.893 39.4824
internal_count=4000 3046 829 954 2217 840 114
is_linear=0
shrinkage=0.08


Tree=44
num_leaves=8
num_cat=0
split_feature=4 11 10 14 30 9 33
split_gain=162.467 59.8476 21.1645 18.9433 13.254 6.24105 2.23019
threshold=24.500000000000004 3.5000000000000004 4.0856829961099086 2352.5654621662043 -1.0000000180025095e-35 7.5000000000000009 1.0000000180025095e-35
decision_type=2 2 2 2 2 2 2
left_child=1 3 -3 -1 6 -6 -2
right_child=4 2 -4 -5 5 -7 -8
leaf_value=0.016860492039779386 0.021961784504314567 0.062054645806783174 0.021094531463780531 -0.036266823235859558 0 -0.049741720152528597 -0.014755418080784836
leaf_weight=73.401254966855049 18.220269739627838 212.39887201786041 154.06551388651133 90.65907284617424 16.104538470506668 304.15907827019691 16.063941106200218
leaf_count=269 72 656 526 439 70 1897 71
internal_value=-0.000293532 0.0275361 0.0454705 -0.0119032 -0.0421534 -0.0471955 0.00173635
internal_weight=885.073 530.525 366.464 164.06 354.548 320.264 34.2842
internal_count=4000 1890 1182 708 2110 1967 143
is_linear=0
shrinkage=0.08


Tree=45
num_leaves=8
num_cat=0
split_feature=14 32 10 11 2 1 2
split_gain=170.718 40.0069 30.4697 13.2242 12.9753 12.5765 10.7687
threshold=3941.8182616061285 8.5000000000000018 12.726024345825456 4.5000000000000009 0.093645332154734057 0.015590861745804954 0.29903557356031929
decision_type=2 2 2 2 2 2 2
left_child=2 6 4 -3 -1 -4 -2
right_child=1 3 5 -5 -6 -7 -8
leaf_value=0 0.022350761619002825 0.049975202593803156 -0.016941044481519278 -0.0019064128550050051 -0.048270389968477885 0.039661930045795331 -0.038260410197972876
leaf_weight=34.312758959829807 23.759184300899506 333.54101958870888 57.760545417666435 29.56566821038723 360.74372676759958 38.71175990998745 50.705943323671818
leaf_count=147 79 1056 250 102 2004 125 237
internal_value=-0.00163029 0.034455 -0.0340111 0.045442 -0.0438242 0.00507701 -0.0172558
internal_weight=929.101 437.572 491.529 363.107 395.056 96.4723 74.4651
internal_count=4000 1474 2526 1158 2151 375 316
is_linear=0
shrinkage=0.08


Tree=46
num_leaves=8
num_cat=0
split_feature=14 32 26 9 24 28 26
split_gain=37.5344 44.7614 23.8254 11.5706 8.28552 8.26823 1.95171
threshold=5143.5168564985097 4.5000000000000009 3.7090357126224949 15.500000000000002 251.50000000000003 0.38162773004179923 3.1396278173336376
decision_type=2 2 2 2 2 2 2
left_child=1 4 -3 6 -1 -5 -2
right_child=3 2 -4 5 -6 -7 -8
leaf_value=-0.036877202542942668 0.029492003228281972 0.019942196680847877 -0.026392216531619953 0.0086157494820485354 0.00088279718547299726 -0.042321654614897709 -0.0025964718076107204
leaf_weight=139.46892850100994 16.866073340177536 775.47346490621567 73.446513250470161 17.881036356091499 41.901229500770569 163.80646689236164 15.616655245423315
leaf_count=480 49 2360 243 61 137 619 51
internal_value=0.00146746 0.00790936 0.0157138 -0.0286506 -0.0276304 -0.0366003 0.0117678
internal_weight=1244.46 1030.29 848.92 214.17 181.37 181.688 32.4827
internal_count=4000 3220 2603 780 617 680 100
is_linear=0
shrinkage=0.08


Tree=47
num_leaves=8
num_cat=0
split_feature=4 1 18 18 18 30 3
split_gain=143.551 72.3796 30.9127 19.6807 16.7983 9.91514 3.80615
threshold=24.500000000000004 -0.00088743063167387676 2.5000000000000004 1.5000000000000002 2.5000000000000004 32.500000000000007 0.17553262443089193
decision_type=2 2 2 2 2 2 2
left_child=1 3 -3 -1 6 -6 -2
right_child=4 2 -4 -5 5 -7 -8
leaf_value=0.015347125950273819 -0.00067639560890722606 -0.030561347294162967 0.032205215416312577 0.063109055780520285 0.02711574768908644 -0.036636740278192706 -0.050911864640660665
leaf_weight=85.824714586138725 15.142822593450544 145.44910554587841 71.749391041696072 223.20924742519855 32.297154605388641 24.941258959472179 266.91217611730099
leaf_count=311 81 658 233 688 117 128 1784
internal_value=-0.000219913 0.0257535 -0.00912579 0.0505043 -0.040727 0 -0.0486713
internal_weight=865.526 526.232 217.198 309.034 339.293 57.2384 282.055
internal_count=4000 1890 891 999 2110 245 1865
is_linear=0
shrinkage=0.08


Tree=48
num_leaves=8
num_cat=0
split_feature=30 9 13 9 13 30 3
split_gain=172.365 26.7623 25.7634 12.9487 12.4322 8.61853 4.66495
threshold=56.500000000000007 15.500000000000002 0.23878051786385288 15.500000000000002 0.30400831999151273 86.500000000000014 0.86958019356557703
decision_type=2 2 2 2 2 2 2
left_child=2 5 3 -1 -3 -2 -4
right_child=1 4 6 -5 -6 -7 -8
leaf_value=-0.036703263392652695 -0.033806012308777354 0.052946243724696425 -0.050719351462537199 0.0059674398749889951 0.012605307737792526 0.024814601453018201 -0.0086875242279960702
leaf_weight=66.532065957784653 38.536680698394775 274.98394159972668 282.92665275931358 120.16172999888659 72.17555595934391 21.386713400483131 26.913899131119251
leaf_count=343 151 883 1684 497 246 69 127
internal_value=-0.00175621 0.0365457 -0.0334291 -0.00894649 0.0450818 -0.0107916 -0.0475702
internal_weight=903.617 407.083 496.534 186.694 347.159 59.9234 309.841
internal_count=4000 1349 2651 840 1129 220 1811
is_linear=0
shrinkage=0.08


Tree=49
num_leaves=7
num_cat=0
split_feature=30 17 30 14 26 26
split_gain=50.0722 39.5625 26.302 20.8669 19.1321 6.89286
threshold=72.500000000000014 3.5000000000000004 32.500000000000007 2605.9029057772686 3.7303910112803056 3.0750621799240814
decision_type=2 2 2 2 2 2
left_child=1 2 -1 -2 -3 -5
right_child=3 4 -4 5 -6 -7
leaf_value=-0.028791438034437688 0.029479846505036104 0.024471392586704121 0.02689018947520621 -0.0023754617095874493 -0.022843153609157164 -0.044069575681938852
leaf_weight=214.5343429595232 29.351550310850143 629.67503325641155 67.684634834527969 36.738218903541565 54.921019226312637 190.66077953577042
leaf_count=705 86 1952 210 117 179 751
internal_value=0.00153413 0.00997813 -0.0148742 -0.0295485 0.020418 -0.037973
internal_weight=1223.57 966.815 282.219 256.751 684.596 227.399
internal_count=4000 3046 915 954 2131 868
is_linear=0
shrinkage=0.08


Tree=50
num_leaves=7
num_cat=0
split_feature=4 1 30 13 1 30
split_gain=129.283 64.4731 23.686 17.6359 15.7323 8.19649
threshold=24.500000000000004 -0.00088743063167387676 13.500000000000002 0.31953392945548148 -0.017995394019502856 -1.4999999999999998
decision_type=2 2 2 2 2 2
left_child=1 3 -3 -1 -2 -6
right_child=4 2 -4 -5 5 -7
leaf_value=0.015002325037704396 0.025643056238815368 0.023331042956703036 -0.030106176671077508 0.060122680434225383 0 -0.048088521246756423
leaf_weight=87.765057951211929 18.059060275554657 83.086074128746986 131.01157277077436 218.02323697507381 26.887741282582283 280.73345074057579
leaf_count=315 68 287 604 684 122 1920
internal_value=-0.000199747 0.0243726 -0.00877991 0.0478328 -0.0396543 -0.0440846
internal_weight=845.566 519.886 214.098 305.788 325.68 307.621
internal_count=4000 1890 891 999 2110 2042
is_linear=0
shrinkage=0.08


Tree=51
num_leaves=8
num_cat=0
split_feature=14 17 26 17 5 26 8
split_gain=139.105 40.7484 24.556 23.3454 14.4541 13.483 8.95607
threshold=3723.3198801143199 6.5000000000000009 3.3786276696670869 8.5000000000000018 0.34099446093911207 3.444395826334993 1270.615362248978
decision_type=2 2 2 2 2 2 2
left_child=3 2 -2 6 -3 -5 -1
right_child=1 4 -4 5 -6 -7 -8
leaf_value=-0.04908503112029429 -0.034079868168631434 0 0.032738820556877685 -0.019690902421856286 0.05058595803985394 0.048530912652031313 -0.010458615823838705
leaf_weight=295.81983196735382 84.368542544543743 38.363104984164238 54.983729228377342 44.654088258743286 277.92696198821068 26.61326014995575 55.728559985756874
leaf_count=1837 375 142 186 202 931 85 242
internal_value=-0.00195163 0.0284813 -0.00673814 -0.0349987 0.0442917 0.00510058 -0.0434406
internal_weight=878.458 455.642 139.352 422.816 316.29 71.2673 351.548
internal_count=4000 1634 561 2366 1073 287 2079
is_linear=0
shrinkage=0.08


Tree=52
num_leaves=7
num_cat=0
split_feature=14 32 26 29 28 26
split_gain=28.8666 33.4623 28.3655 12.6588 8.12292 1.95887
threshold=5834.5376311241353 4.5000000000000009 3.5194338273385974 3.1342119974848663 0.42502861957863752 3.0633850256555126
decision_type=2 2 2 2 2 2
left_child=1 3 -3 -1 -2 -6
right_child=4 2 -4 -5 5 -7
leaf_value=-0.038172716027231234 0.01288724584881481 0.019054442388214819 -0.016958028154940089 0.008481755233257374 -0.0050838141443005592 -0.046675352084535257
leaf_weight=130.14109487831593 15.240487039089201 736.68708068132401 166.73405343294144 45.032377168536186 15.927617430686949 93.716367587447166
leaf_count=466 54 2310 576 153 52 389
internal_value=0.00159604 0.00593662 0.0122415 -0.0255647 -0.0342139 -0.0419951
internal_weight=1203.48 1078.59 903.421 175.173 124.884 109.644
internal_count=4000 3505 2886 619 495 441
is_linear=0
shrinkage=0.08


Tree=53
num_leaves=8
num_cat=0
split_feature=18 30 26 26 24 11 30
split_gain=119.525 48.9457 20.245 19.9552 14.9571 10.1383 8.37421
threshold=2.5000000000000004 13.500000000000002 2.9858459558654986 2.5980403057788259 256.50000000000006 6.5000000000000009 42.500000000000007
decision_type=2 2 2 2 2 2 2
left_child=1 4 6 -3 -1 -4 -2
right_child=2 3 5 -5 -6 -7 -8
leaf_value=0.029000039403764704 0.059531271943669008 0.0043298739175257088 -0.011723236192047315 -0.045613052754252634 -0.023144196661892297 0.0481882045006784 0
leaf_weight=117.44433498382568 187.4244709610939 55.031335912644863 56.615202195942402 323.87411945313215 44.739199846982956 22.245963990688324 19.771407298743725
leaf_count=428 588 237 247 2157 200 67 76
internal_value=-0.000102759 -0.0223317 0.0413245 -0.0380682 0.0137302 0.00485791 0.0543658
internal_weight=827.146 541.089 286.057 378.905 162.184 78.8612 207.196
internal_count=4000 3022 978 2394 628 314 664
is_linear=0
shrinkage=0.08


Tree=54
num_leaves=8
num_cat=0
split_feature=14 26 9 2 8 21 1
split_gain=123.948 50.2053 21.9787 14.8742 14.4726 6.52079 4.64192
threshold=3367.5654891051281 3.1272197369828856 11.500000000000002 0.10071238357160521 1264.632330621391 1.0000000180025095e-35 0.024845180371396661
decision_type=2 2 2 2 2 2 2
left_child=4 3 -3 -2 6 -6 -1
right_child=1 2 -4 -5 5 -7 -8
leaf_value=-0.048194757455302439 0.037427939561739378 -0.043028003496060653 0.04402577899598329 -0.028119135308304004 -0.027782729948006402 0.020380645307330972 0
leaf_weight=273.30562375485897 23.040442794561386 15.913081541657446 341.18971534818411 118.12155774980783 32.007105194032192 32.931227549910545 18.396073237061501
leaf_count=1771 78 72 1167 557 149 125 81
internal_value=-0.00205456 0.023517 0.0394871 -0.0160319 -0.0380126 -0.0017706 -0.0455734
internal_weight=854.905 498.265 357.103 141.162 356.64 64.9383 291.702
internal_count=4000 1874 1239 635 2126 274 1852
is_linear=0
shrinkage=0.08


Tree=55
num_leaves=7
num_cat=0
split_feature=30 4 1 1 14 13
split_gain=39.7514 35.3792 21.5344 9.53432 7.38654 1.01476
threshold=89.500000000000014 13.500000000000002 -0.016251739481444958 0.0052154145705033414 3016.312954201328 0.36622768496298658
decision_type=2 2 2 2 2 2
left_child=1 3 -3 -1 -2 -6
right_child=4 2 -4 -5 5 -7
leaf_value=-0.038666348849201303 0.0073220707999496135 -0.021279583176611678 0.018251556927536102 0.0091597552848715052 -0.043605588190876142 -0.01088278239042118
leaf_weight=115.61397650837898 18.427696466445923 94.141528218984604 781.16880241036415 28.275975182652473 127.21626318991184 19.667729586362839
leaf_count=409 55 310 2528 86 532 80
internal_value=0.00163142 0.00765533 0.0138051 -0.0284559 -0.0342695 -0.0403302
internal_weight=1184.51 1019.2 875.31 143.89 165.312 146.884
internal_count=4000 3333 2838 495 667 612
is_linear=0
shrinkage=0.08


Tree=56
num_leaves=8
num_cat=0
split_feature=1 26 13 30 10 26 9
split_gain=107.002 44.9669 27.0833 19.0442 15.0909 10.4018 7.00411
threshold=-0.0042173597129271526 2.869103881160513 0.31953392945548148 23.500000000000004 10.142119953950724 2.7331172061497782 6.5000000000000009
decision_type=2 2 2 2 2 2 2
left_child=2 3 5 -2 -4 -1 -3
right_child=1 6 4 -5 -6 -7 -8
leaf_value=0.031136286020128443 0.031007992673319735 0.0033503099472572411 0.058880959685892922 -0.019709137400318925 0 -0.020431641364165701 -0.045124116062751317
leaf_weight=38.957341507077217 98.596259281039238 15.087697438895701 192.56737251579762 83.623299896717072 29.986701399087906 59.031794860959053 291.50488141924143
leaf_count=137 360 57 640 405 112 263 2026
internal_value=-6.73533e-05 -0.0237197 0.0355159 0.00714301 0.0507725 0 -0.0423417
internal_weight=809.355 488.812 320.543 182.22 222.554 97.9891 306.593
internal_count=4000 2848 1152 765 752 400 2083
is_linear=0
shrinkage=0.08


Tree=57
num_leaves=8
num_cat=0
split_feature=30 32 5 5 8 17 31
split_gain=127.915 37.5593 18.9681 18.2694 9.9053 8.70595 5.11538
threshold=62.500000000000007 11.500000000000002 0.51317885673097208 0.77836170371708979 1208.7111283497954 7.5000000000000009 277071.98018289969
decision_type=2 2 2 2 2 2 2
left_child=1 3 4 -1 -2 -3 -4
right_child=2 5 6 -5 -6 -7 -8
leaf_value=-0.043439339472896091 -0.01485578274771905 -0.0023487629585990516 0.0029340924935326528 0.0063233768652521316 0.031480535357614213 0.048583977611383278 0.052328917986583047
leaf_weight=372.02178426086903 56.915002435445786 36.366812482476234 20.280634135007858 48.50623369961977 52.50336754322052 37.474022373557091 208.42149639129639
leaf_count=2323 215 148 71 216 178 125 724
internal_value=-0.00208515 -0.02809 0.0354976 -0.0374119 0.00655757 0.0228254 0.0485613
internal_weight=832.489 494.369 338.121 420.528 109.418 73.8408 228.702
internal_count=4000 2812 1188 2539 393 273 795
is_linear=0
shrinkage=0.08


Tree=58
num_leaves=7
num_cat=0
split_feature=30 17 30 8 14 13
split_gain=35.2539 30.9558 29.4109 20.9355 15.4029 7.61334
threshold=72.500000000000014 4.5000000000000009 32.500000000000007 1953.7649984444231 2605.9029057772686 0.30108834791641415
decision_type=2 2 2 2 2 2
left_child=1 2 -1 -3 -2 -6
right_child=4 3 -4 -5 5 -7
leaf_value=-0.022100298676304881 0.025305048268249496 0.025140605798658316 0.028097771446777449 -0.034580817002367502 -0.0414546669765571 -0.0017501931450994643
leaf_weight=278.34564584493637 28.532874256372452 517.5350246578455 97.325682640075684 36.284592568874359 162.02898833155632 46.297613218426704
leaf_count=947 86 1664 313 122 688 180
internal_value=0.00167582 0.00880349 -0.00865895 0.0208471 -0.0255548 -0.0333489
internal_weight=1166.35 929.491 375.671 553.82 236.859 208.327
internal_count=4000 3046 1260 1786 954 868
is_linear=0
shrinkage=0.08


Tree=59
num_leaves=7
num_cat=0
split_feature=32 4 32 1 4 30
split_gain=110.017 44.6062 19.4762 15.6307 11.068 4.80367
threshold=8.5000000000000018 20.500000000000004 4.5000000000000009 0.0044261783999888235 13.500000000000002 -4.4999999999999991
decision_type=2 2 2 2 2 2
left_child=1 3 -3 -1 -2 -6
right_child=4 2 -4 -5 5 -7
leaf_value=0.049764659434433964 0.016936250693876456 0.030526164817822554 -0.022809418545243942 0.0036154884684280698 0 -0.047461647147397396
leaf_weight=245.34435085952282 15.555490419268606 57.83267343044281 146.83665270358324 65.624400720000267 15.31340569257736 245.587736338377
leaf_count=791 56 173 749 230 73 1928
internal_value=-0.00012262 0.0215298 -0.00693747 0.0405355 -0.040735 -0.0447817
internal_weight=792.095 515.638 204.669 310.969 276.457 260.901
internal_count=4000 1943 922 1021 2057 2001
is_linear=0
shrinkage=0.08


Tree=60
num_leaves=7
num_cat=0
split_feature=32 14 9 14 8 10
split_gain=105.764 50.3766 21.5274 9.22881 8.52939 3.54776
threshold=8.5000000000000018 3208.5913182006248 15.500000000000002 5418.9415402093327 1199.4723093153709 9.843603060493832
decision_type=2 2 2 2 2 2
left_child=3 4 -3 5 -2 -1
right_child=1 2 -4 -5 -6 -7
leaf_value=-0.050781142835383354 -0.035703943789155188 -0.0097838977456975364 0.041323563778582269 0.0061790474945340925 0.0074508306592011107 -0.023099552533673701
leaf_weight=203.49380761384964 94.128232307732105 57.027864560484886 334.23346823453903 19.582338027656078 34.733221247792244 65.149162195622921
leaf_count=1507 500 233 1195 71 129 365
internal_value=-0.002168 0.0191956 0.0335523 -0.0409328 -0.0232571 -0.044839
internal_weight=808.348 520.123 391.261 288.225 128.861 268.643
internal_count=4000 2057 1428 1943 629 1872
is_linear=0
shrinkage=0.08


Tree=61
num_leaves=7
num_cat=0
split_feature=14 1 17 13 27 13
split_gain=21.0377 20.4489 15.8958 11.0452 5.04051 0.222951
threshold=5834.5376311241353 -0.016251739481444958 9.5000000000000018 0.31953392945548148 1.0182032663311376 0.29460892223176854
decision_type=2 2 2 2 2 2
left_child=1 3 -3 -1 5 -2
right_child=4 2 -4 -5 -6 -7
leaf_value=0.012345022683210518 -0.043051879340110261 0.013834686946646173 -0.017248744987709091 -0.038617467658790344 0 -0.014756325068083814
leaf_weight=32.182482421398163 70.331167489290237 791.28215715289116 115.56821252405643 91.571195334196091 23.215463265776634 21.113638773560524
leaf_count=109 320 2641 422 333 90 85
internal_value=0.00168041 0.00542347 0.00969774 -0.0244393 -0.030224 -0.0384656
internal_weight=1145.26 1030.6 906.85 123.754 114.66 91.4448
internal_count=4000 3505 3063 442 495 405
is_linear=0
shrinkage=0.08


Tree=62
num_leaves=8
num_cat=0
split_feature=17 1 13 30 13 24 29
split_gain=95.7485 27.1876 26.9846 21.0894 8.77166 8.71023 5.19474
threshold=4.5000000000000009 -0.0061819005442505827 0.4519644572488774 27.500000000000004 0.39938609111206491 119.50000000000001 3.0308658246808187
decision_type=2 2 2 2 2 2 2
left_child=2 4 3 -1 -2 -3 -4
right_child=1 5 6 -5 -6 -7 -8
leaf_value=0.027563058669352661 -0.013459193184439602 0 0.062757622645999392 -0.028365103462470457 0.031113808786390751 -0.041936116582197897 0.024266800276619361
leaf_weight=121.98650497198105 50.223531521856785 30.665719605982304 121.69390534609556 61.58611474186182 53.026002272963524 285.49645818397403 48.505194336175919
leaf_count=434 236 174 403 304 191 2075 183
internal_value=-6.5134e-05 -0.0259911 0.0302949 0.00800235 0.00853497 -0.0376165 0.0530913
internal_weight=773.183 419.412 353.772 183.573 103.25 316.162 170.199
internal_count=4000 2676 1324 738 427 2249 586
is_linear=0
shrinkage=0.08


Tree=63
num_leaves=8
num_cat=0
split_feature=30 14 14 4 5 5 1
split_gain=104.029 28.7443 26.9689 11.4435 10.6778 9.24161 7.13116
threshold=55.500000000000007 4617.014801551758 2899.7508811924663 26.500000000000004 0.51692665555750439 0.77836170371708979 0.0094681789040612346
decision_type=2 2 2 2 2 2 2
left_child=1 5 6 -3 -4 -1 -2
right_child=2 3 4 -5 -6 -7 -8
leaf_value=-0.044380153897219124 -0.040143107556122229 -0.027298476336523696 0.013457182104131713 0.032112823454242823 0.048422135027196216 0 0.010851116659815051
leaf_weight=301.68333131819963 36.199505150318146 27.323279425501823 94.014148443937302 56.415946409106255 212.27497439086437 35.195858761668205 24.717053815722466
leaf_count=2136 173 123 336 189 779 178 86
internal_value=-0.00225396 -0.0294588 0.02857 0.0110704 0.0383124 -0.0398951 -0.0180365
internal_weight=787.824 420.618 367.206 83.7392 306.289 336.879 60.9166
internal_count=4000 2626 1374 312 1115 2314 259
is_linear=0
shrinkage=0.08


Tree=64
num_leaves=7
num_cat=0
split_feature=30 18 4 4 14 5
split_gain=28.146 29.8955 18.0682 9.53524 5.7959 2.07963
threshold=92.500000000000014 3.5000000000000004 37.500000000000007 28.500000000000004 3016.312954201328 0.4460923856683166
decision_type=2 2 2 2 2 2
left_child=1 2 -1 -3 -2 -6
right_child=4 3 -4 -5 5 -7
leaf_value=0.016712131127721509 0.0053562509304211818 -0.03233862263471244 -0.022666782714611689 0.023201005279076953 -0.0082728731323253608 -0.042546948014935825
leaf_weight=751.23058032989502 18.099721655249596 138.60888446867466 77.700451195240021 18.210493117570877 25.000563234090805 100.65264885127544
leaf_count=2518 55 503 288 57 104 475
internal_value=0.00169493 0.00664298 0.0128083 -0.0248238 -0.0308596 -0.0370123
internal_weight=1129.5 985.75 828.931 156.819 143.753 125.653
internal_count=4000 3366 2806 560 634 579
is_linear=0
shrinkage=0.08


Tree=65
num_leaves=7
num_cat=0
split_feature=32 11 17 4 4 24
split_gain=92.3355 39.3233 21.453 13.4505 10.2019 3.8613
threshold=8.5000000000000018 4.5000000000000009 4.5000000000000009 24.500000000000004 13.500000000000002 119.50000000000001
decision_type=2 2 2 2 2 2
left_child=1 2 -1 -3 -2 -6
right_child=4 3 -4 -5 5 -7
leaf_value=0.020859021557767494 0.016289416039703138 0.047672771445067819 -0.027484576254817396 0 -0.0027855611925465974 -0.046297815579643686
leaf_weight=107.00691770762205 15.414119467139242 230.4192299246788 121.07089161872864 43.183136902749538 20.593423761427402 220.40090564638376
leaf_count=389 56 763 610 181 138 1863
internal_value=-2.23723e-05 0.0197585 -0.00430764 0.0400832 -0.0389684 -0.0431514
internal_weight=758.089 501.68 228.078 273.602 256.408 240.994
internal_count=4000 1943 999 944 2057 2001
is_linear=0
shrinkage=0.08


Tree=66
num_leaves=8
num_cat=0
split_feature=14 5 9 4 17 17 17
split_gain=83.4173 33.5526 18.3719 11.4716 8.69116 7.12945 7.08329
threshold=4384.5987123667337 0.63789165095486611 15.500000000000002 22.500000000000004 9.5000000000000018 7.5000000000000009 5.5000000000000009
decision_type=2 2 2 2 2 2 2
left_child=1 4 5 -3 -1 -2 -4
right_child=2 3 6 -5 -6 -7 -8
leaf_value=-0.041940152346264262 -0.040002152819175817 -0.030759261766442201 0.0013198367988213713 0.023226886445683759 0 0.016487605175581909 0.043030728614977913
leaf_weight=296.70693742483854 27.285468220710754 29.207660228013992 36.409493885934353 98.936804108321667 30.457415103912354 21.090809024870396 225.27509636431932
leaf_count=2087 124 175 137 411 125 79 862
internal_value=-0.00234266 -0.0242208 0.0293252 0.00958478 -0.0377921 -0.0135137 0.0377614
internal_weight=765.37 455.309 310.061 128.144 327.164 48.3763 261.685
internal_count=4000 2798 1202 586 2212 203 999
is_linear=0
shrinkage=0.08


Tree=67
num_leaves=7
num_cat=0
split_feature=4 18 4 14 4 5
split_gain=18.0296 23.9323 15.3872 10.8329 8.78087 2.6449
threshold=37.500000000000007 3.5000000000000004 9.5000000000000018 3016.312954201328 27.500000000000004 0.4460923856683166
decision_type=2 2 2 2 2 2
left_child=1 2 -1 -2 -3 -5
right_child=3 4 -4 5 -6 -7
leaf_value=-0.03739777395900562 0.023748595544410951 -0.030752066288143864 0.013360289899246503 -0.0042727191025161296 0.021010746923486378 -0.043476093332472987
leaf_weight=36.170380115509033 18.170304581522942 133.7937727868557 797.67922096699476 21.548726037144661 19.739153623580933 83.372446306049824
leaf_count=126 58 498 2808 83 62 365
internal_value=0.00171197 0.00543578 0.010889 -0.0266256 -0.0230554 -0.036879
internal_weight=1110.47 987.383 833.85 123.091 153.533 104.921
internal_count=4000 3494 2934 506 560 448
is_linear=0
shrinkage=0.08


Tree=68
num_leaves=7
num_cat=0
split_feature=32 18 32 30 10 11
split_gain=83.1042 37.7998 22.1898 9.5003 7.94817 3.43526
threshold=8.5000000000000018 2.5000000000000004 4.5000000000000009 -2.4999999999999996 1.970657762808359 5.5000000000000009
decision_type=2 2 2 2 2 2
left_child=1 2 -1 -2 -3 -5
right_child=3 4 -4 5 -6 -7
leaf_value=0.031908272060591457 0.0071993058317540663 0.059610482333523125 -0.016850792883504599 -0.046981194916225467 0.025663691717043934 -0.010616338556664948
leaf_weight=83.995870932936668 21.826092354953289 105.77561041712761 186.32293133437634 194.10891608521342 119.24649407714605 30.1220333725214
leaf_count=270 99 361 899 1797 413 161
internal_value=0 0.0187163 -0.00107696 -0.0378761 0.0427216 -0.0428289
internal_weight=741.398 495.341 270.319 246.057 225.022 224.231
internal_count=4000 1943 1169 2057 774 1958
is_linear=0
shrinkage=0.08


Tree=69
num_leaves=7
num_cat=0
split_feature=32 14 9 8 8 3
split_gain=81.6211 36.5145 16.8271 8.61886 7.68871 3.24867
threshold=8.5000000000000018 3208.5913182006248 15.500000000000002 1566.5664842163562 1183.6670164361308 0.71461971394406221
decision_type=2 2 2 2 2 2
left_child=3 4 -3 5 -2 -1
right_child=1 2 -4 -5 -6 -7
leaf_value=-0.048616426443454916 -0.033203016816957871 -0.0093814875089191993 0.036606253207421766 0.0030487120129878234 0.0081475102482728799 -0.018988337784031997
leaf_weight=184.96434463560581 86.105723433196545 54.73246131837368 312.82402278482914 23.250802479684353 34.982572689652443 50.302169416099787
leaf_count=1521 494 233 1195 103 135 319
internal_value=-0.00226596 0.0167812 0.0294139 -0.038507 -0.0203816 -0.0431041
internal_weight=747.162 488.645 367.556 258.517 121.088 235.267
internal_count=4000 2057 1428 1943 629 1840
is_linear=0
shrinkage=0.08


Tree=70
num_leaves=6
num_cat=0
split_feature=11 26 4 6 3
split_gain=19.6234 20.8148 16.4485 5.18276 1.52513
threshold=8.5000000000000018 3.7090357126224949 40.500000000000007 0.52648481831960348 0.24227772979326206
decision_type=2 2 2 2 2
left_child=1 2 -1 -3 -2
right_child=4 3 -4 -5 -6
leaf_value=0.011048290101641238 -0.0099048534653871975 0 -0.034677193152157906 -0.037922566666179124 -0.054361250697603961
leaf_weight=877.05985879898071 15.808150753378866 34.653027482330799 49.431503444910049 80.579703979194164 36.816484153270721
leaf_count=3099 58 146 202 364 131
internal_value=0.0017009 0.00426643 0.00837553 -0.0271307 -0.0444186
internal_weight=1094.35 1041.72 926.491 115.233 52.6246
internal_count=4000 3811 3301 510 189
is_linear=0
shrinkage=0.08


Tree=71
num_leaves=8
num_cat=0
split_feature=3 11 28 10 11 9 11
split_gain=68.3468 31.6936 23.7123 12.78 11.8039 10.9368 10.094
threshold=0.42998431209145799 5.5000000000000009 0.47967351642713851 4.4734290889824235 2.5000000000000004 6.5000000000000009 8.5000000000000018
decision_type=2 2 2 2 2 2 2
left_child=2 5 4 -4 -1 -2 -3
right_child=1 6 3 -5 -6 -7 -8
leaf_value=0 0.017235115456952471 0 0.025219456270737472 -0.02064809021002665 0.053345899676828921 -0.039947260402052771 0.058896035980283305
leaf_weight=27.651467267423868 18.484534338116646 72.154382362961769 73.982149820774794 74.727722618728876 158.10404333844781 277.1559684574604 22.927531391382217
leaf_count=143 74 304 313 423 567 2101 75
internal_value=-6.40449e-05 -0.022871 0.02619 0.00142719 0.0450407 -0.035833 0.0160716
internal_weight=725.188 390.722 334.465 148.71 185.756 295.641 95.0819
internal_count=4000 2554 1446 736 710 2175 379
is_linear=0
shrinkage=0.08


Tree=72
num_leaves=7
num_cat=0
split_feature=32 14 17 8 8 11
split_gain=73.4983 32.727 15.4818 9.54115 8.08043 2.5298
threshold=8.5000000000000018 3367.5654891051281 6.5000000000000009 1199.4723093153709 1566.5664842163562 1.0000000180025095e-35
decision_type=2 2 2 2 2 2
left_child=4 3 -3 -2 5 -1
right_child=1 2 -4 -5 -6 -7
leaf_value=-0.0038163593130762551 -0.03112071145141437 0 0.038938155329258227 0.013403713996983452 0.0026164928239157683 -0.044666829062403206
leaf_weight=17.618382595479488 93.845015406608582 94.467103831470013 253.15190999209881 38.700054004788399 23.15441057831049 208.40549777448177
leaf_count=95 540 375 995 147 103 1745
internal_value=-0.0023442 0.0157634 0.0287242 -0.0172264 -0.0374857 -0.0420982
internal_weight=729.342 480.164 347.619 132.545 249.178 226.024
internal_count=4000 2057 1370 687 1943 1840
is_linear=0
shrinkage=0.08


Tree=73
num_leaves=8
num_cat=0
split_feature=30 18 17 30 5 4 3
split_gain=21.4584 22.3203 15.6849 14.5338 4.80348 2.1157 2.07121
threshold=92.500000000000014 2.5000000000000004 8.5000000000000018 32.500000000000007 0.51317885673097208 32.500000000000007 0.48252519996455373
decision_type=2 2 2 2 2 2 2
left_child=1 2 -1 -3 5 -2 -6
right_child=4 3 -4 -5 6 -7 -8
leaf_value=0.020183959455534878 0.01119591777101667 -0.025361390137032355 -0.0084092386443249279 0.015317122753213798 -0.003271973320356272 -0.021231882968144489 -0.043950336151670114
leaf_weight=534.06754592806101 22.009009763598442 188.72970893979073 150.59352258592844 73.284220948815346 16.876066453754902 20.574967890977859 74.29232032597065
leaf_count=1854 88 702 562 248 80 93 373
internal_value=0.00167235 0.00603835 0.013711 -0.0134864 -0.0278065 -0.00220565 -0.0380389
internal_weight=1080.43 946.675 684.661 262.014 133.752 42.584 91.1684
internal_count=4000 3366 2416 950 634 181 453
is_linear=0
shrinkage=0.08


Tree=74
num_leaves=8
num_cat=0
split_feature=4 17 10 5 3 28 28
split_gain=70.0051 38.07 19.5456 10.8456 8.94378 4.231 1.42506
threshold=24.500000000000004 6.5000000000000009 4.0347323970010658 0.34933437184109878 0.35237619764978173 0.2945474577668869 0.2945474577668869
decision_type=2 2 2 2 2 2 2
left_child=1 2 -1 4 -2 -3 -5
right_child=3 5 -4 6 -6 -7 -8
leaf_value=0.045803565020679803 0.028470418558804052 0.0042588910429599957 0.0076499340782190429 -0.009840728236144328 -0.025546200639362249 -0.035129709155865073 -0.04828655145974451
leaf_weight=210.56198646873236 24.344611763954163 15.120984792709349 160.48924969136715 16.696819853037596 59.173979125916958 73.913032732903957 152.3084222599864
leaf_count=772 114 66 634 119 390 418 1487
internal_value=0 0.0184152 0.0298157 -0.0337461 -0.00797281 -0.0272156 -0.0454238
internal_weight=712.609 460.085 371.051 252.524 83.5186 89.034 169.005
internal_count=4000 1890 1406 2110 504 484 1606
is_linear=0
shrinkage=0.08


Tree=75
num_leaves=8
num_cat=0
split_feature=13 5 14 11 21 2 5
split_gain=62.747 31.4113 20.0873 18.4212 7.07878 4.53787 4.14049
threshold=0.28539444158721117 0.42725008160790229 4637.4660829805143 4.5000000000000009 1.0000000180025095e-35 0.060844672228072737 0.65210777270080311
decision_type=2 2 2 2 2 2 2
left_child=1 4 5 -3 -1 -2 -4
right_child=2 3 6 -5 -6 -7 -8
leaf_value=-0.033320428339172141 0 0.038772448616520752 -0.011646787107671489 -0.018729351227675387 0.0023889662956519371 -0.046147964614417482 0.025140361449787985
leaf_weight=65.607321180403233 15.139148306101559 260.81056475639343 35.465495020151138 36.391557246446609 61.114205688238144 203.07587886974216 33.283194459974766
leaf_count=404 75 1099 153 192 299 1641 137
internal_value=-0.00238048 0.0169537 -0.0312361 0.031215 -0.0155168 -0.0430419 0.00479693
internal_weight=710.887 423.924 286.964 297.202 126.722 218.215 68.7487
internal_count=4000 1994 2006 1291 703 1716 290
is_linear=0
shrinkage=0.08


Tree=76
num_leaves=6
num_cat=0
split_feature=9 26 32 9 29
split_gain=15.6636 18.5461 20.4262 15.2023 0.0567007
threshold=4.5000000000000009 3.5194338273385974 3.5000000000000004 15.500000000000002 3.1842640911475919
decision_type=2 2 2 2 2
left_child=4 2 -2 -3 -1
right_child=1 3 -4 -5 -6
leaf_value=-0.044168958834710843 -0.027484485265161829 0.025940459389555325 0.013886032140907386 -0.028487318029751855 -0.012131083670173416
leaf_weight=39.97819571942091 80.763006411492825 36.391159623861313 732.2773664817214 160.02387603372335 15.219629839062689
leaf_count=149 334 125 2613 725 54
internal_value=0.00169183 0.00411437 0.00954353 -0.0175628 -0.0384778
internal_weight=1064.65 1009.46 813.04 196.415 55.1978
internal_count=4000 3797 2947 850 203
is_linear=0
shrinkage=0.08


Tree=77
num_leaves=7
num_cat=0
split_feature=26 4 3 32 32 3
split_gain=67.1676 29.3705 19.0785 15.2006 13.1895 11.4928
threshold=2.9349100960840975 23.500000000000004 0.12187695630825064 5.5000000000000009 9.5000000000000018 0.38657254878543601
decision_type=2 2 2 2 2 2
left_child=1 4 -2 -4 -1 -3
right_child=2 5 3 -5 -6 -7
leaf_value=0.041908487859651039 0.033556888780704418 0.020363980732605244 0.0015717880471410521 -0.041943516338863444 -0.018345527059782391 -0.031707591964901402
leaf_weight=249.81323724240065 26.220598824322224 38.439802281558514 58.481583938002586 236.38264490664005 21.022400572896004 68.330767475068569
leaf_count=900 112 172 204 2084 109 419
internal_value=0 0.0226388 -0.0269169 -0.0329812 0.0366436 -0.0118233
internal_weight=698.691 377.606 321.085 294.864 270.836 106.771
internal_count=4000 1600 2400 2288 1009 591
is_linear=0
shrinkage=0.08


Tree=78
num_leaves=8
num_cat=0
split_feature=30 32 26 4 3 13 26
split_gain=69.3389 32.2359 15.2005 11.8338 7.20899 4.28435 2.92488
threshold=72.500000000000014 11.500000000000002 3.7090357126224949 27.500000000000004 0.48252519996455373 0.29460892223176854 3.4963298861532777
decision_type=2 2 2 2 2 2 2
left_child=1 2 -1 -3 6 -6 -2
right_child=4 3 -4 -5 5 -7 -8
leaf_value=-0.035187257339626674 -0.011757183968971359 -0.016294342080374974 0.018423911632047995 0.042730980854288607 0.047955952038568145 0.012994569489723362 0.025255742960261767
leaf_weight=349.16198107227683 26.499362379312515 27.880347169935703 32.533700473606586 59.009700447320938 137.50111238658428 42.285016506910324 20.447596043348312
leaf_count=2584 106 129 118 215 584 173 91
internal_value=-0.00237528 -0.020082 -0.0301978 0.0225449 0.0334809 0.0407379 0.0025098
internal_weight=695.319 468.586 381.696 86.89 226.733 179.786 46.947
internal_count=4000 3046 2702 344 954 757 197
is_linear=0
shrinkage=0.08


Tree=79
num_leaves=7
num_cat=0
split_feature=30 4 18 1 2 3
split_gain=17.9292 18.8829 15.8703 6.35751 4.81135 2.0677
threshold=92.500000000000014 13.500000000000002 4.5000000000000009 0.0052154145705033414 0.57774755766580177 0.48252519996455373
decision_type=2 2 2 2 2 2
left_child=1 3 -3 -1 5 -2
right_child=4 2 -4 -5 -6 -7
leaf_value=-0.031474154300236305 -0.002578698146704971 0.013574347197379965 -0.030242619085525894 0.0086077735106463056 0.0087004628546469912 -0.037310414256000082
leaf_weight=101.01169950515032 21.668921232223511 741.77475839853287 52.631998032331467 26.388093307614326 15.774460092186926 90.375502921640873
leaf_count=409 101 2681 190 86 67 466
internal_value=0.0016934 0.0057165 0.010418 -0.0222448 -0.0258689 -0.0318789
internal_weight=1049.63 921.807 794.407 127.4 127.819 112.044
internal_count=4000 3366 2871 495 634 567
is_linear=0
shrinkage=0.08


Tree=80
num_leaves=8
num_cat=0
split_feature=1 14 4 14 28 29 1
split_gain=60.1259 23.8298 23.7736 12.5765 9.03865 8.72174 5.51818
threshold=-0.00088743063167387676 1751.2974665993063 24.500000000000004 3790.5876339204719 0.21916853806410344 2.7834030451103158 -0.017995394019502856
decision_type=2 2 2 2 2 2 2
left_child=2 5 3 -1 -3 -2 -4
right_child=1 4 6 -5 -6 -7 -8
leaf_value=0.041628176898251622 0.034797584376669383 0.0080127872876889095 0.019288578861537238 -0.009589555056858488 -0.039553618641935122 -0.0146820633901921 -0.027442748684674168
leaf_weight=231.60276339948177 47.978160373866558 22.949389267712831 16.746235810220242 29.932530157268047 243.61498301103711 34.828702360391617 56.283046700060368
leaf_count=869 194 121 68 130 2090 177 351
internal_value=-5.54713e-06 -0.0232938 0.0239488 0.0352704 -0.0349697 0.0128022 -0.0148103
internal_weight=683.936 349.371 334.565 261.535 266.564 82.8069 73.0293
internal_count=4000 2582 1418 999 2211 371 419
is_linear=0
shrinkage=0.08


Tree=81
num_leaves=8
num_cat=0
split_feature=30 1 1 8 10 8 31
split_gain=61.7011 20.9724 16.5347 13.028 9.83017 6.39688 5.1332
threshold=55.500000000000007 0.016093550363891655 0.0093221875250604058 1294.3588987248161 10.046733706170407 1697.9425718274031 332876.65879681375
decision_type=2 2 2 2 2 2 2
left_child=1 5 3 -2 -3 -1 -4
right_child=2 4 6 -5 -6 -7 -8
leaf_value=-0.040164718911768926 -0.022579199049253713 -0.015066093448063471 0 0.033268434701648773 0.035092488590428329 0.0028799780958380069 0.04005379375618686
leaf_weight=245.25053385645151 70.769090391695499 51.93372480943799 23.919925451278687 38.566988199949265 40.960051275789738 18.188336662948132 188.74736811965704
leaf_count=2091 316 297 96 153 162 76 809
internal_value=-0.00225978 -0.0252548 0.0228157 -0.00144903 0.00620511 -0.0367435 0.0356937
internal_weight=678.336 356.333 322.003 109.336 92.8938 263.439 212.667
internal_count=4000 2626 1374 469 459 2167 905
is_linear=0
shrinkage=0.08


Tree=82
num_leaves=8
num_cat=0
split_feature=30 32 26 29 8 3 3
split_gain=14.8877 15.6613 12.5367 4.57895 4.5495 3.19963 0.256758
threshold=92.500000000000014 3.5000000000000004 2.3311338890382691 3.1342119974848663 1250.3517743632099 0.52695670768804226 0.83626147649130289
decision_type=2 2 2 2 2 2 2
left_child=1 3 -3 -1 5 -2 -6
right_child=4 2 -4 -5 6 -7 -8
leaf_value=-0.035185184885965295 0.020230784531393511 -0.025701364990882852 0.011820920971392512 0.00078219945817342663 -0.044207185163403002 -0.017756496758854757 -0.014123107763032269
leaf_weight=69.05327358096838 16.367872416973114 56.995497405529022 760.13135956227779 23.636221662163734 46.833755597472191 40.331410728394985 20.111908420920372
leaf_count=308 70 199 2766 93 256 195 113
internal_value=0.00163785 0.00530728 0.00897294 -0.0250223 -0.0239015 -0.00431474 -0.0378783
internal_weight=1033.46 909.816 817.127 92.6895 123.645 56.6993 66.9457
internal_count=4000 3366 2965 401 634 265 369
is_linear=0
shrinkage=0.08


Tree=83
num_leaves=7
num_cat=0
split_feature=26 11 11 28 32 10
split_gain=56.8048 23.0715 17.8015 12.0439 10.708 9.4113
threshold=2.9349100960840975 3.5000000000000004 7.5000000000000009 0.3358944511790018 9.5000000000000018 1.7350482040057769
decision_type=2 2 2 2 2 2
left_child=1 5 3 -2 -3 -1
right_child=2 4 -4 -5 -6 -7
leaf_value=0.022040189942136565 0 0.039458051870060101 0.033220014874070489 -0.040234869769250781 -0.015336537153318579 -0.024529883335192522
leaf_weight=37.791236136108637 58.47799251973629 231.37695233523846 25.624189533293247 220.24380278214812 20.377448059618473 76.397904295474291
leaf_count=167 329 875 98 1973 121 437
internal_value=-5.62849e-05 0.0209272 -0.0256351 -0.031768 0.0344235 -0.00792373
internal_weight=670.29 365.944 304.346 278.722 251.754 114.189
internal_count=4000 1600 2400 2302 996 604
is_linear=0
shrinkage=0.08


Tree=84
num_leaves=8
num_cat=0
split_feature=4 17 14 26 14 2 26
split_gain=53.2548 19.0979 17.0858 9.11898 8.07168 7.75541 7.1696
threshold=27.500000000000004 6.5000000000000009 5035.0081760787225 3.3786276696670869 2992.7570960687608 0.28612543943270924 3.6592059354281363
decision_type=2 2 2 2 2 2 2
left_child=2 3 6 -2 -3 -4 -1
right_child=1 4 5 -5 -6 -7 -8
leaf_value=-0.038996578289659273 -0.026624463549403465 -0.00018836384495531986 0.046356280681560016 0.018278424886928896 0.037021626678718729 -0.01218596831733772 0.0055093114636785533
leaf_weight=236.59277981892228 67.774600252509117 37.533501774072647 23.04849037528038 43.460967317223549 208.67619635909796 25.579239949584007 19.751412980258465
leaf_count=2037 400 184 93 181 912 115 78
internal_value=-0.00217134 0.0185156 -0.0267515 -0.00801066 0.0309336 0.0143188 -0.0350806
internal_weight=662.417 357.445 304.972 111.236 246.21 48.6277 256.344
internal_count=4000 1677 2323 581 1096 208 2115
is_linear=0
shrinkage=0.08


Tree=85
num_leaves=6
num_cat=0
split_feature=9 30 32 28 19
split_gain=12.9999 15.8583 14.7754 10.2367 0.979562
threshold=4.5000000000000009 72.500000000000014 3.5000000000000004 0.52550645058584655 1.5000000000000002
decision_type=2 2 2 2 2
left_child=4 2 -2 -3 -1
right_child=1 3 -4 -5 -6
leaf_value=-0.047328618625721582 -0.022908604550798281 0.012191706435947133 0.012913537818042503 -0.02744448686569971 -0.012085356220888537
leaf_weight=30.006159402430058 77.500472240149975 51.685737475752831 694.96056083589792 141.99353527277708 22.462299756705761
leaf_count=115 341 227 2502 727 88
internal_value=0.00159216 0.0038554 0.00909006 -0.0162323 -0.0358737
internal_weight=1018.61 966.14 772.461 193.679 52.4685
internal_count=4000 3797 2843 954 203
is_linear=0
shrinkage=0.08


Tree=86
num_leaves=7
num_cat=0
split_feature=32 10 14 3 26 28
split_gain=51.7537 27.0142 16.8674 7.83238 6.46374 4.54153
threshold=8.5000000000000018 2.1408546139771203 2421.9970466632362 0.5324993254542264 2.422510937026281 0.22347364688596891
decision_type=2 2 2 2 2 2
left_child=1 3 -3 -1 -2 -6
right_child=4 2 -4 -5 5 -7
leaf_value=0.047587669056232754 0.0085608744927290186 0.016788124395101214 -0.023174804026887298 0.0074124523623789471 0 -0.041557773506532884
leaf_weight=137.85938055813313 15.807750098407267 141.89961063861847 122.88556199148297 51.144707649946213 16.680367007851601 171.19480478018522
leaf_count=534 79 561 614 234 109 1869
internal_value=-9.34483e-05 0.0147546 -0.00136221 0.0376269 -0.0334883 -0.0377339
internal_weight=657.472 453.789 264.785 189.004 203.683 187.875
internal_count=4000 1943 1175 768 2057 1978
is_linear=0
shrinkage=0.08


Tree=87
num_leaves=8
num_cat=0
split_feature=30 13 5 6 13 10 31
split_gain=49.6611 17.8787 16.617 11.1856 6.98779 6.22639 4.27216
threshold=55.500000000000007 0.28539444158721117 0.51692665555750439 0.54105806093741038 0.28539444158721117 12.592438225054233 2458713.4590828959
decision_type=2 2 2 2 2 2 2
left_child=1 3 5 -1 -4 -2 -3
right_child=2 6 4 -5 -6 -7 -8
leaf_value=-0.023588174073742359 -0.018940784365417102 -0.046236701344672795 0.043541165256898273 0.016704227555907343 0.0057721738298714947 0.01810300165626004 -0.00039143539856062101
leaf_weight=89.41553346067667 66.856877911835909 149.49838961288333 145.84721966087818 79.153347209095955 50.809317708015442 45.066756591200829 20.106924880295992
leaf_count=614 313 1458 653 401 221 187 153
internal_value=-0.00216864 -0.0234123 0.0207285 -0.00400775 0.0346173 -0.0028975 -0.0415982
internal_weight=646.754 338.174 308.58 168.569 196.657 111.924 169.605
internal_count=4000 2626 1374 1015 874 500 1611
is_linear=0
shrinkage=0.08


Tree=88
num_leaves=7
num_cat=0
split_feature=8 9 14 26 2 14
split_gain=12.4594 13.8016 10.421 5.84473 1.71278 1.07855
threshold=1826.9068800513871 4.5000000000000009 945.11798157217083 3.1517754601568142 0.51877805168176605 5666.9641603753907
decision_type=2 2 2 2 2 2
left_child=1 4 -3 -2 -1 -5
right_child=3 2 -4 5 -6 -7
leaf_value=-0.0015082463010872283 0.0086992528046118886 -0.016673495123866781 0.010292150166410965 -0.045921710989716022 -0.043538577692701648 -0.013612034402891073
leaf_weight=15.001033760607241 17.631840981543064 98.410735264420509 765.44998507201672 44.925643406808376 36.448016151785851 26.408724769949913
leaf_count=61 67 375 2987 208 142 160
internal_value=0.00156046 0.00447939 0.00703473 -0.026332 -0.034246 -0.0366068
internal_weight=1004.28 915.31 863.861 88.9662 51.449 71.3344
internal_count=4000 3565 3362 435 203 368
is_linear=0
shrinkage=0.08


Tree=89
num_leaves=8
num_cat=0
split_feature=17 13 11 5 3 4 14
split_gain=50.0457 19.165 17.6996 12.5052 9.95028 4.13953 4.03715
threshold=4.5000000000000009 0.4519644572488774 6.5000000000000009 0.4351202823779417 0.42998431209145799 24.500000000000004 2583.7939565048041
decision_type=2 2 2 2 2 2 2
left_child=1 3 4 -1 -2 -3 -4
right_child=2 5 6 -5 -6 -7 -8
leaf_value=0.01823178598615021 -0.0062282310472698181 0.049034321250207694 0.039671744164909352 -0.028738152375164198 -0.039384421270908167 0.0033034918446935096 -0.0026106175831663724
leaf_weight=112.07010632753372 97.114580173045397 126.35014824569225 28.69279058277607 49.262623071670532 194.08022711053491 20.919460013508797 17.004305206239223
leaf_count=460 622 488 112 278 1862 98 80
internal_value=-6.58848e-05 0.0229062 -0.0214784 0.00289658 -0.0289109 0.0435325 0.0222823
internal_weight=645.494 308.602 336.892 161.333 291.195 147.27 45.6971
internal_count=4000 1324 2676 738 2484 586 192
is_linear=0
shrinkage=0.08


Tree=90
num_leaves=8
num_cat=0
split_feature=13 1 30 30 11 6 29
split_gain=44.9732 21.0849 13.6688 11.6318 8.82779 7.80401 1.12782
threshold=0.28539444158721117 0.012241095814286619 92.500000000000014 72.500000000000014 4.5000000000000009 0.63807382121107081 3.7461310122185605
decision_type=2 2 2 2 2 2 2
left_child=1 3 5 -1 -3 -2 -4
right_child=2 4 6 -5 -6 -7 -8
leaf_value=-0.018933543966532743 -0.04141262051810158 0.037835539950132079 0 0.024041625856340336 -0.010661923881277258 0.0012699327033135058 0.030461075478883898
leaf_weight=122.85818327590823 191.32730541005731 185.32815583795309 17.119055531919003 54.967790506780148 21.986820451915264 25.438480045646429 15.028936520218847
leaf_count=784 1714 852 74 236 122 151 67
internal_value=-0.00207758 0.0148137 -0.0285547 -0.00480739 0.0320428 -0.0359086 0.0164496
internal_weight=634.055 385.141 248.914 177.826 207.315 216.766 32.148
internal_count=4000 1994 2006 1020 974 1865 141
is_linear=0
shrinkage=0.08


Tree=91
num_leaves=6
num_cat=0
split_feature=9 26 1 9 5
split_gain=10.4035 12.7871 12.9804 11.4429 1.22724
threshold=4.5000000000000009 3.5194338273385974 -0.015913778847971773 15.500000000000002 0.39306550245437399
decision_type=2 2 2 2 2
left_child=4 2 -2 -3 -1
right_child=1 3 -4 -5 -6
leaf_value=-0.041041034703981023 -0.018686390303506502 0.023305694879477312 0.012249350118525591 -0.025290468405244335 -0.0027803126907978331
leaf_weight=35.339486919343472 94.276352748274803 34.155198246240616 667.18330021202564 146.18635001033545 15.145083725452421
leaf_count=141 383 125 2564 725 62
internal_value=0.00150767 0.00356107 0.00820392 -0.0152015 -0.0326064
internal_weight=992.286 941.801 761.46 180.342 50.4846
internal_count=4000 3797 2947 850 203
is_linear=0
shrinkage=0.08


Tree=92
num_leaves=8
num_cat=0
split_feature=17 32 29 32 14 6 14
split_gain=45.5046 24.8881 19.8386 7.117 4.78476 0.823461 0.577003
threshold=6.5000000000000009 9.5000000000000018 3.0146745059127777 5.5000000000000009 1904.0835444398874 0.46715950314669302 3601.1211227297586
decision_type=2 2 2 2 2 2 2
left_child=1 2 -1 5 -3 -2 -5
right_child=3 4 -4 6 -6 -7 -8
leaf_value=0.033227412188894169 0.012774636312161317 0 -0.0038831046314892295 -0.029004310131594623 -0.045690710162854843 -0.011147408166218717 -0.050809309709214157
leaf_weight=263.98960694670677 15.393394440412523 15.174745976924894 131.67104831710458 75.662436719983816 44.611204817891121 15.255468688905237 72.525712557137012
leaf_count=1078 51 91 613 594 427 58 1088
internal_value=-8.94874e-05 0.0131541 0.0206402 -0.0341377 -0.0330961 0 -0.0412662
internal_weight=634.284 455.447 395.661 178.837 59.786 30.6489 148.188
internal_count=4000 2209 1691 1791 518 109 1682
is_linear=0
shrinkage=0.08


Tree=93
num_leaves=7
num_cat=0
split_feature=32 5 1 4 5 3
split_gain=44.4804 23.8853 13.8542 9.102 7.16391 5.19606
threshold=8.5000000000000018 0.60025196818367832 0.0058476480466622951 22.500000000000004 0.82514803199778297 0.72394412967211796
decision_type=2 2 2 2 2 2
left_child=4 2 -2 -3 5 -1
right_child=1 3 -4 -5 -6 -7
leaf_value=-0.045261852242347869 -0.035228387052687639 -0.0085978878939709808 0.0077363695889984653 0.037146328254570718 0.0091770101375681628 -0.0088061338591922354
leaf_weight=140.72310616821051 69.270257655531168 26.592860408127308 133.15206485241652 190.10591605305672 17.881497286260128 42.934467330574989
leaf_count=1536 404 141 643 869 91 316
internal_value=-0.00207156 0.0125701 -0.00668205 0.0309457 -0.0328448 -0.0376608
internal_weight=620.66 419.121 202.422 216.699 201.539 183.658
internal_count=4000 2057 1047 1010 1943 1852
is_linear=0
shrinkage=0.08


Tree=94
num_leaves=6
num_cat=0
split_feature=9 9 3 31 30
split_gain=9.29988 11.396 15.6906 10.1182 1.1758
threshold=4.5000000000000009 18.500000000000004 0.33128352669770467 1193890.4205598561 18.500000000000004
decision_type=2 2 2 2 2
left_child=4 2 -2 -3 -1
right_child=1 3 -4 -5 -6
leaf_value=-0.039895709442307158 -0.010716082643427233 0.006877482988796345 0.020445030034118138 -0.017310099612848823 -0.0030154553221157197
leaf_weight=33.35490682721138 136.09746222943068 198.97809275239706 364.82046775519848 231.03832229971886 16.117074996232986
leaf_count=141 516 803 1434 1044 62
internal_value=0.00152464 0.00347711 0.0117271 -0.00587074 -0.0310271
internal_weight=980.406 930.934 500.918 430.016 49.472
internal_count=4000 3797 1950 1847 203
is_linear=0
shrinkage=0.08


Tree=95
num_leaves=8
num_cat=0
split_feature=18 1 30 4 10 17 10
split_gain=45.2983 20.1495 19.173 11.4436 8.91666 8.18102 4.52597
threshold=1.5000000000000002 -0.0039974311308663682 6.5000000000000009 17.500000000000004 10.253685371328702 3.5000000000000004 1.6487264070964456
decision_type=2 2 2 2 2 2 2
left_child=2 4 5 -3 -2 -1 -4
right_child=1 3 6 -5 -6 -7 -8
leaf_value=0.042999468260210554 0.043996146190811748 0.02482823820018569 -0.011009376895628307 -0.017364796795045597 -0.0047188768702179987 -0.010316927552706136 -0.042925328803449521
leaf_weight=28.155136197805405 157.02176098152995 63.592231541872025 50.888084825128317 103.88124071806669 22.551837354898453 37.104864150285721 160.47398044355214
leaf_count=108 648 241 336 689 95 189 1694
internal_value=-0.000139454 0.0188465 -0.0243348 -0.000484552 0.037244 0.0118063 -0.0360626
internal_weight=623.669 347.047 276.622 167.473 179.574 65.26 211.362
internal_count=4000 1673 2327 930 743 297 2030
is_linear=0
shrinkage=0.08


Tree=96
num_leaves=8
num_cat=0
split_feature=8 1 13 32 30 4 1
split_gain=41.3944 22.8256 17.3504 8.41931 8.32121 5.46591 5.11088
threshold=1183.6670164361308 0.019133507977191603 0.28539444158721117 8.5000000000000018 90.500000000000014 28.500000000000004 -0.0027741173949735721
decision_type=2 2 2 2 2 2 2
left_child=1 4 6 -3 -1 -4 -2
right_child=2 3 5 -5 -6 -7 -8
leaf_value=-0.035124455855849848 0 -0.026818020430373707 -0.0307956071814523 0.027482065222505875 0.0070596432211116472 0.010967325144669813 0.041825991250758934
leaf_weight=249.82860789261758 16.032440938055515 19.404317520558834 34.418154057115316 72.884880498051643 27.707702241837978 35.4169946834445 152.74436741322279
leaf_count=2230 80 131 209 338 122 170 720
internal_value=-0.00204857 -0.0189339 0.0235356 0.014321 -0.0304548 -0.00838857 0.0373593
internal_weight=608.437 369.826 238.612 92.2892 277.536 69.8351 168.777
internal_count=4000 2821 1179 469 2352 379 800
is_linear=0
shrinkage=0.08


Tree=97
num_leaves=8
num_cat=0
split_feature=27 3 18 2 19 3 18
split_gain=10.4503 9.17991 12.7668 7.56766 5.41653 4.36242 3.52633
threshold=0.91582542277914258 0.42998431209145799 1.5000000000000002 0.16731661124778671 15.500000000000002 0.5324993254542264 5.5000000000000009
decision_type=2 2 2 2 2 2 2
left_child=3 2 -2 5 -3 -1 -5
right_child=1 4 -4 6 -6 -7 -8
leaf_value=0 0.017017401791366432 0.019040581135461438 -0.019855676396642992 0 -0.023537379772778984 -0.040252215594151201 -0.035828866095478994
leaf_weight=23.599475063383579 102.22951782494783 332.46388895064592 133.8561792448163 284.78749427199364 15.318220824003218 60.689282827079296 15.557342901825903
leaf_count=106 385 1347 535 1201 69 291 66
internal_value=0.00153335 0.00836581 -0.00337385 -0.00851313 0.0166379 -0.0293656 -0.00203297
internal_weight=968.501 583.868 236.086 384.634 347.782 84.2888 300.345
internal_count=4000 2336 920 1664 1416 397 1267
is_linear=0
shrinkage=0.08


Tree=98
num_leaves=8
num_cat=0
split_feature=18 1 5 29 5 12 11
split_gain=40.9321 24.9684 10.5712 9.81151 6.75685 4.89569 4.76836
threshold=2.5000000000000004 0.00033202900635664721 0.39306550245437399 2.9394336341821856 0.10570280290435806 17.500000000000004 3.5000000000000004
decision_type=2 2 2 2 2 2 2
left_child=1 2 -1 5 -3 -2 -5
right_child=3 4 -4 6 -6 -7 -8
leaf_value=0.02234286838920874 0.045451643234523068 0 -0.016255551565249764 -0.026646553235705681 -0.040469800816503004 0.0048510751867172847 0.015246119810340249
leaf_weight=102.1531935557723 119.70764771476388 30.034614831209183 74.323465272784233 21.774596281349659 179.87302140519023 31.555098328739405 52.899267584085464
leaf_count=452 487 178 457 126 1935 149 216
internal_value=-0.000190269 -0.0161641 0.00541847 0.026457 -0.0346937 0.0380189 0.000928103
internal_weight=612.321 386.384 176.477 225.937 209.908 151.263 74.6739
internal_count=4000 3022 909 978 2113 636 342
is_linear=0
shrinkage=0.08


Tree=99
num_leaves=8
num_cat=0
split_feature=8 5 13 13 4 5 31
split_gain=37.1169 18.7762 15.18 10.9698 7.0881 6.17816 5.07059
threshold=1190.0969320529391 0.56534569448686189 0.31172631077143048 0.21830502620544964 33.500000000000007 0.63789165095486611 1344576.7178981502
decision_type=2 2 2 2 2 2 2
left_child=1 4 6 -3 -1 -4 -2
right_child=2 3 5 -5 -6 -7 -8
leaf_value=-0.039429350104509743 0.012945893643090881 0.0243254785006717 -0.032328354388302193 -0.01791605307629433 0 0.015620506628715768 0.045611856191644123
leaf_weight=179.40353643149137 62.668443370610476 76.727338675409555 34.261234056204557 73.016223929822445 35.333151377737522 25.738003551959991 108.83883491903543
leaf_count=1792 311 371 214 491 183 116 522
internal_value=-0.00198473 -0.0180267 0.0226673 0.00299518 -0.0330764 -0.0100905 0.0347912
internal_weight=595.987 364.48 231.507 149.744 214.737 59.9992 171.507
internal_count=4000 2837 1163 862 1975 330 833
is_linear=0
shrinkage=0.08


Tree=100
num_leaves=7
num_cat=0
split_feature=4 32 4 3 6 22
split_gain=9.40717 10.734 10.2679 8.43159 1.17147 0.240896
threshold=10.500000000000002 11.500000000000002 23.500000000000004 0.34715897567833737 0.51733999966398281 0.56452109812798212
decision_type=2 2 2 2 2 2
left_child=4 3 -3 -2 5 -1
right_child=1 2 -4 -5 -6 -7
leaf_value=-0.049353814665392404 -0.0055256285634745148 0.025317211646479178 -0.025817596124551718 0.012993290680234837 -0.00052755875484545775 -0.016668713023429888
leaf_weight=18.191185556352139 208.90596944093704 26.666210047900677 121.84649284556508 540.44494155794382 15.556005418300627 24.565825261175632
leaf_count=82 818 106 620 2196 70 108
internal_value=0.00148347 0.00366099 -0.0155246 0.00766959 -0.0286259 -0.0355214
internal_weight=956.177 897.864 148.513 749.351 58.313 42.757
internal_count=4000 3740 726 3014 260 190
is_linear=0
shrinkage=0.08


Tree=101
num_leaves=8
num_cat=0
split_feature=26 4 1 5 3 10 5
split_gain=39.469 15.861 15.1305 11.9916 9.41663 8.27164 0.426996
threshold=2.8793923566443431 28.500000000000004 -0.0042173597129271526 0.50621904198159184 0.12187695630825064 4.1738663062666941 0.34099446093911207
decision_type=2 2 2 2 2 2 2
left_child=1 3 5 -1 -4 -2 -3
right_child=2 6 4 -5 -6 -7 -8
leaf_value=0.03446880619025023 0.027726761599864008 -0.0056951091786511488 0.017741226848153713 -0.0056536803620949403 -0.0395753472563918 -0.017076345613688794 -0.037652817818231168
leaf_weight=220.26271739602089 46.458168338984251 16.608955010771751 15.649184379726647 53.425455406308174 178.84276628307998 51.603798039257526 19.103246074169874
leaf_count=925 209 97 81 277 1980 274 157
internal_value=-0.000188587 0.0194387 -0.0213387 0.0262266 -0.0341565 0.00315531 -0.0274829
internal_weight=601.954 309.4 292.554 273.688 194.492 98.062 35.7122
internal_count=4000 1456 2544 1202 2061 483 254
is_linear=0
shrinkage=0.08


Tree=102
num_leaves=7
num_cat=0
split_feature=4 9 6 1 28 13
split_gain=33.9433 14.741 13.8476 10.2054 5.85575 3.57253
threshold=27.500000000000004 11.500000000000002 0.57547500441054555 0.0065992928468393101 0.55496471792914726 0.2833852689058044
decision_type=2 2 2 2 2 2
left_child=2 -2 5 -3 -4 -1
right_child=1 3 4 -5 -6 -7
leaf_value=-0.019377388520085075 -0.036603190575930762 -0.0032118786830901448 -0.020184853155795272 0.029471060623076941 0.023963706840668345 -0.04584648055202023
leaf_weight=90.161085519939661 27.593041889369488 74.90876118466258 27.724378643557429 219.11983082443476 43.897886618971825 101.15892350301147
leaf_count=632 188 406 226 1083 243 1222
internal_value=-0.00194156 0.0152056 -0.0233015 0.0207922 0.00514163 -0.034482
internal_weight=584.564 321.622 262.942 294.029 71.6223 191.32
internal_count=4000 1677 2323 1489 469 1854
is_linear=0
shrinkage=0.08


Tree=103
num_leaves=6
num_cat=0
split_feature=11 8 9 26 3
split_gain=10.6947 10.1175 8.42254 4.76047 1.2483
threshold=8.5000000000000018 1826.9068800513871 4.5000000000000009 3.1517754601568142 0.26267835967401731
decision_type=2 2 2 2 2
left_child=1 2 -1 -3 -2
right_child=4 3 -4 -5 -6
leaf_value=-0.027900127664407179 -0.0047291737159372476 0.0090319325639289915 0.0083178935736638818 -0.032580656789538545 -0.045128093231174039
leaf_weight=39.172448754310608 15.22564475238323 16.826830118894577 779.40622191131115 64.63320092484355 29.796331532299519
leaf_count=170 65 67 3206 368 124
internal_value=0.00145631 0.00352908 0.0063431 -0.0225486 -0.0351137
internal_weight=945.061 900.039 818.579 81.46 45.022
internal_count=4000 3811 3376 435 189
is_linear=0
shrinkage=0.08


Tree=104
num_leaves=7
num_cat=0
split_feature=30 26 32 6 1 2
split_gain=37.5874 22.4357 9.9389 8.78287 4.42213 0.852547
threshold=42.500000000000007 2.8793923566443431 3.5000000000000004 0.56398315208685434 -0.0079945592159309711 0.75977757296404047
decision_type=2 2 2 2 2 2
left_child=1 3 -3 -1 -2 -6
right_child=4 2 -4 -5 5 -7
leaf_value=0.032967815794909837 -0.0017229251027819944 0.03317648946672154 -0.017322692362159966 -0.0049859483965007242 -0.044632877863224375 -0.0090630872658247225
leaf_weight=217.37902234494686 28.973626263439655 25.354499615728855 159.79826019704342 40.11322808265686 105.16389926336706 15.556429348886011
leaf_count=934 161 97 991 200 1494 123
internal_value=-0.000201364 0.0113343 -0.00935092 0.0266052 -0.0346506 -0.0413501
internal_weight=592.339 442.645 185.153 257.492 149.694 120.72
internal_count=4000 2222 1088 1134 1778 1617
is_linear=0
shrinkage=0.08


Tree=105
num_leaves=8
num_cat=0
split_feature=32 13 8 10 10 2 8
split_gain=33.0784 18.6098 10.5905 6.50659 6.3361 3.88536 2.30087
threshold=8.5000000000000018 0.28539444158721117 1199.4723093153709 8.8059533771799678 9.9420603485434178 0.28200148964426136 1435.1864709536724
decision_type=2 2 2 2 2 2 2
left_child=4 2 -2 -3 6 -6 -1
right_child=1 3 -4 -5 5 -7 -8
leaf_value=-0.043996902736333152 0.0061508398136656574 -0.032904512163135793 0.039029401925833977 0.0018520206712339751 0.020578895758306605 -0.020920238045337203 -0.0018406276492724139
leaf_weight=111.34923113323748 140.25911995768547 58.505053408443928 130.2778747677803 64.223553828895092 18.50712426006794 35.295079313218594 15.749191939830778
leaf_count=1455 704 383 645 325 97 292 99
internal_value=-0.00194129 0.0108605 0.0226767 -0.0141519 -0.0301471 -0.00419965 -0.0398585
internal_weight=574.166 393.266 270.537 122.729 180.901 53.8022 127.098
internal_count=4000 2057 1349 708 1943 389 1554
is_linear=0
shrinkage=0.08


Tree=106
num_leaves=6
num_cat=0
split_feature=11 26 30 30 15
split_gain=9.58025 8.50449 9.71645 2.4593 0.182904
threshold=8.5000000000000018 3.7090357126224949 5.5000000000000009 52.500000000000007 -0.0062177633873992085
decision_type=2 2 2 2 2
left_child=1 2 -1 -3 -2
right_child=4 3 -4 -5 -6
leaf_value=-0.010041156551529555 -0.012596938356100634 0 0.010969671911292469 -0.027440311193706563 -0.043119590426606173
leaf_weight=173.36201240867376 20.062063530087471 29.655687645077705 625.31011696904898 62.866515807807446 24.023899435997009
leaf_count=690 88 110 2611 400 101
internal_value=0.00147863 0.00344796 0.00623881 -0.0188263 -0.0334658
internal_weight=935.28 891.194 798.672 92.5222 44.086
internal_count=4000 3811 3301 510 189
is_linear=0
shrinkage=0.08


Tree=107
num_leaves=7
num_cat=0
split_feature=30 26 4 14 14 24
split_gain=34.1644 19.9722 8.62915 8.22024 5.16531 0.732747
threshold=42.500000000000007 2.8793923566443431 17.500000000000004 3121.1316334578873 1751.2974665993063 182.50000000000003
decision_type=2 2 2 2 2 2
left_child=1 3 -3 -1 -2 -6
right_child=4 2 -4 -5 5 -7
leaf_value=0.032876283006368315 0 0.012984346542166309 -0.022004402326438546 0 -0.017491571215038242 -0.046368935353395056
leaf_weight=196.97105319797993 28.93709010258317 64.974001973867416 117.97143018804491 58.500848773866892 27.650780249387026 88.412683384492993
leaf_count=852 168 275 813 282 297 1313
internal_value=-0.000250548 0.0106975 -0.00892362 0.0251531 -0.0337092 -0.0411112
internal_weight=583.418 438.417 182.945 255.472 145.001 116.063
internal_count=4000 2222 1088 1134 1778 1610
is_linear=0
shrinkage=0.08


Tree=108
num_leaves=8
num_cat=0
split_feature=5 10 32 4 32 3 5
split_gain=30.7999 16.7993 10.7384 6.97043 6.10007 4.6416 3.53842
threshold=0.60025196818367832 12.726024345825456 8.5000000000000018 22.500000000000004 10.500000000000002 0.49103924152018869 0.82514803199778297
decision_type=2 2 2 2 2 2 2
left_child=1 4 6 -4 -1 -3 -2
right_child=2 5 3 -5 -6 -7 -8
leaf_value=-0.037171417506098689 -0.030212350876240565 -0.01640768273534917 -0.0077326731468270876 0.032945866334790741 -0.0044562763985217125 0.022238476814244922 0.0098935902554071649
leaf_weight=173.84025827050209 29.318267289549112 22.395689513534307 25.216237656772137 174.80679798871279 58.112699583172798 63.261857338249683 16.966629628092051
leaf_count=1875 249 143 141 869 310 322 91
internal_value=-0.00184844 -0.01843 0.0190164 0.0271881 -0.0296474 0.0105674 -0.0133686
internal_weight=563.918 317.611 246.308 200.023 231.953 85.6575 46.2849
internal_count=4000 2650 1350 1010 2185 465 340
is_linear=0
shrinkage=0.08


Tree=109
num_leaves=8
num_cat=0
split_feature=27 17 13 17 3 26 24
split_gain=8.22096 10.0637 9.584 6.35698 6.43169 5.47688 2.4822
threshold=0.91582542277914258 4.5000000000000009 0.4519644572488774 8.5000000000000018 0.67927140278058107 3.4866001346657072 201.50000000000003
decision_type=2 2 2 2 2 2 2
left_child=3 2 -2 6 -5 -3 -1
right_child=1 5 -4 4 -6 -7 -8
leaf_value=-0.010264808151350877 0.008030198500526135 0.020832852530337048 -0.026104820638089138 -0.0028608723912418137 -0.045117735641549431 -0.0025655316954577689 0.0053053810309091013
leaf_weight=105.33220293372869 118.15721266716719 284.11954969912767 86.450711011886597 55.454777676612139 47.530986435711384 70.343179419636726 158.33024801686406
leaf_count=446 462 1159 374 266 249 341 703
internal_value=0.00147301 0.00767017 -0.00598329 -0.00763744 -0.0242209 0.0158712 -0.000510349
internal_weight=925.719 559.071 204.608 366.648 102.986 354.463 263.662
internal_count=4000 2336 836 1664 515 1500 1149
is_linear=0
shrinkage=0.08


Tree=110
num_leaves=8
num_cat=0
split_feature=13 18 28 1 10 28 1
split_gain=33.2013 16.0747 13.0907 8.99391 5.77051 4.93366 4.73345
threshold=0.39938609111206491 2.5000000000000004 0.64512670856204279 0.008963266173325787 3.7444173133515339 0.21463234395959732 -0.0067543620668575818
decision_type=2 2 2 2 2 2 2
left_child=1 4 3 -2 -1 -3 -4
right_child=2 5 6 -5 -6 -7 -8
leaf_value=-0.0096083666031505349 0.036122640989945852 0.040125466774293288 0.010402074822879056 -0.0042687705977320321 -0.040438504498786887 -0.0006831105727974526 -0.033306019769869126
leaf_weight=72.641715234145522 178.7909797616303 20.286174267530441 21.745014265179634 36.678785296157002 139.10452502779663 74.169736921787262 31.325597172603011
leaf_count=517 814 82 95 216 1662 363 251
internal_value=-0.000346337 -0.0184722 0.0198554 0.0287335 -0.0307027 0.00781536 -0.0136587
internal_weight=574.743 306.202 268.54 215.47 211.746 94.4559 53.0706
internal_count=4000 2624 1376 1030 2179 445 346
is_linear=0
shrinkage=0.08


Tree=111
num_leaves=8
num_cat=0
split_feature=14 4 8 30 1 1 1
split_gain=27.4781 14.1056 11.365 5.42299 5.34571 2.54658 1.89052
threshold=3208.5913182006248 32.500000000000007 1552.4934720052599 71.500000000000014 0.0041218376699226102 0.0094681789040612346 0.022995903180886349
decision_type=2 2 2 2 2 2 2
left_child=3 2 -2 6 -3 -5 -1
right_child=1 4 -4 5 -6 -7 -8
leaf_value=-0.035168885097755481 -0.013425841447849371 0 0.030072467181832856 -0.018422975925540885 0.035345737671172717 0.022310235362763171 0
leaf_weight=143.49169863387942 156.67270424962044 27.622346922755241 47.043237049132586 15.094289891421793 130.29845501482487 17.405789874494076 15.706545665860174
leaf_count=1754 967 130 227 79 678 61 104
internal_value=-0.00183244 0.010903 -0.00250981 -0.0262718 0.0286752 5.37269e-05 -0.0322875
internal_weight=553.335 361.637 203.716 191.698 157.921 32.5001 159.198
internal_count=4000 2002 1194 1998 808 140 1858
is_linear=0
shrinkage=0.08


Tree=112
num_leaves=8
num_cat=0
split_feature=27 30 13 2 1 18 31
split_gain=7.27162 10.5185 6.66608 5.96273 5.18145 5.03412 2.06324
threshold=0.91582542277914258 5.5000000000000009 0.39938609111206491 0.16731661124778671 -0.018610776328489342 4.5000000000000009 1522249.6387149028
decision_type=2 2 2 2 2 2 2
left_child=3 2 -2 6 -5 -3 -1
right_child=1 5 -4 4 -6 -7 -8
leaf_value=-0.0057772144144344565 0.0055165530515025362 0.015697062163195691 -0.029614680077847177 -0.035645150523527493 0.001696530075247436 -0.01856721471292104 -0.037811288902693294
leaf_weight=33.213344540446997 58.335971027612686 404.28051634505391 66.039562784135342 22.842818923294544 261.15038348734379 23.804950967431068 44.844168920069933
leaf_count=158 226 1722 283 110 1157 105 239
internal_value=0.00145818 0.00732579 -0.0124531 -0.00715324 -0.00123011 0.0133974 -0.0263796
internal_weight=914.512 552.461 124.376 362.051 283.993 428.085 78.0575
internal_count=4000 2336 509 1664 1267 1827 397
is_linear=0
shrinkage=0.08


Tree=113
num_leaves=7
num_cat=0
split_feature=14 8 33 4 28 6
split_gain=30.1932 18.2538 13.4499 7.72712 5.9854 4.66317
threshold=3601.1211227297586 1136.7456214630658 1.0000000180025095e-35 14.500000000000002 0.30476196627936819 0.4322707533878517
decision_type=2 2 2 2 2 2
left_child=1 2 -1 -2 -5 -3
right_child=3 5 -4 4 -6 -7
leaf_value=0.029220581679886871 0.010402184036143586 0 -0.0017411623423106062 0 -0.046224394549178011 -0.04255017407603634
leaf_weight=224.97451373562217 18.183484055101871 20.054743936285377 136.09149375930429 17.366459883749485 106.81057360768318 42.188071014359593
leaf_count=1056 80 111 798 138 1496 321
internal_value=-0.000348972 0.0101757 0.0173028 -0.0320338 -0.0392901 -0.0282233
internal_weight=565.669 423.309 361.066 142.361 124.177 62.2428
internal_count=4000 2286 1854 1714 1634 432
is_linear=0
shrinkage=0.08


Tree=114
num_leaves=8
num_cat=0
split_feature=5 14 2 2 14 19 18
split_gain=26.5412 13.1064 10.5767 6.16521 5.0011 4.50112 3.60979
threshold=0.60025196818367832 4637.4660829805143 0.29903557356031929 0.48808084372945043 4483.4396224142965 2.5000000000000004 -1.0000000180025095e-35
decision_type=2 2 2 2 2 2 2
left_child=1 6 5 -3 -4 -2 -1
right_child=2 3 4 -5 -6 -7 -8
leaf_value=0 0.0098950670295742654 0.020375148187284978 -0.014416450173140938 -0.024644348657369253 0.018448830833900715 0.045860713267003222 -0.031625618155103216
leaf_weight=22.650918198749423 47.185999253764749 66.06661469116807 63.775809407234192 22.536907326430082 50.263573348522186 77.219490487128496 193.62482331506908
leaf_count=155 243 326 437 124 267 403 2045
internal_value=-0.0017492 -0.0175105 0.0178736 0.00718206 0 0.0337153 -0.0281337
internal_weight=543.324 304.879 238.445 88.6035 114.039 124.405 216.276
internal_count=4000 2650 1350 450 704 646 2200
is_linear=0
shrinkage=0.08


Tree=115
num_leaves=6
num_cat=0
split_feature=4 18 26 24 24
split_gain=6.98312 8.05705 9.5807 1.90577 0.454416
threshold=10.500000000000002 5.5000000000000009 3.5194338273385974 223.50000000000003 123.50000000000001
decision_type=2 2 2 2 2
left_child=3 2 -2 4 -1
right_child=1 -3 -4 -5 -6
leaf_value=-0.0096744892618480863 0.0093757667806791938 -0.035625205950985735 -0.012025185786019113 0 -0.04473016583595029
leaf_weight=16.696044094860554 660.45278185606003 28.941769503057003 160.83331268653274 15.86795838177204 22.055587716400623
leaf_count=77 2760 129 851 76 107
internal_value=0.00142622 0.00336642 0.0050107 -0.0252957 -0.034281
internal_weight=904.847 850.228 821.286 54.6196 38.7516
internal_count=4000 3740 3611 260 184
is_linear=0
shrinkage=0.08


Tree=116
num_leaves=8
num_cat=0
split_feature=30 21 32 30 8 5 24
split_gain=27.5879 19.841 11.1471 8.43364 5.10968 1.88554 1.07468
threshold=42.500000000000007 1.0000000180025095e-35 9.5000000000000018 -2.4999999999999996 486.59804305561903 0.3616133027906025 179.50000000000003
decision_type=2 2 2 2 2 2 2
left_child=1 2 -1 -3 5 -2 -6
right_child=4 3 -4 -5 6 -7 -8
leaf_value=0.025997777547254994 0.011423368453703413 0.017816349583333654 -0.021714757103776475 -0.028563709129128978 -0.013462407399249096 -0.020180233202862736 -0.047456198513182335
leaf_weight=270.38249247893691 17.334416471421719 28.084051575511694 30.34476263076067 94.860995996743441 21.519884934648871 21.215712696313858 74.007156739011407
leaf_count=1243 107 134 237 608 250 217 1204
internal_value=-0.000390834 0.00942596 0.0206213 -0.0168444 -0.0318139 -0.00328257 -0.0416593
internal_weight=557.749 423.672 300.727 122.945 134.077 38.5501 95.527
internal_count=4000 2222 1480 742 1778 324 1454
is_linear=0
shrinkage=0.08


Tree=117
num_leaves=7
num_cat=0
split_feature=32 1 2 28 30 3
split_gain=24.4226 13.4535 9.52015 8.81101 6.25262 3.63668
threshold=8.5000000000000018 0.010181757750193718 0.23350692683256744 0.51560276171630182 84.500000000000014 0.70467980878042125
decision_type=2 2 2 2 2 2
left_child=4 2 -2 -3 5 -1
right_child=1 3 -4 -5 -6 -7
leaf_value=-0.040654122708459063 0.017809896943920222 -0.0047971647196436307 -0.022879371462131422 0.030984324048635048 0.013112449205572082 -0.0074370758369713763
leaf_weight=107.12775162048638 51.586521606892347 50.973827175796032 100.18210940435529 168.09718172252178 16.109267637133598 39.875538125634193
leaf_count=1521 246 272 642 897 70 352
internal_value=-0.00166048 0.00945284 -0.0081965 0.0221659 -0.0273637 -0.0327727
internal_weight=533.952 370.84 151.769 219.071 163.113 147.003
internal_count=4000 2057 888 1169 1943 1873
is_linear=0
shrinkage=0.08


Tree=118
num_leaves=6
num_cat=0
split_feature=11 4 14 17 3
split_gain=7.54103 7.55072 9.308 2.95694 0.83382
threshold=8.5000000000000018 39.500000000000007 629.88163575515466 7.5000000000000009 0.27378436114041133
decision_type=2 2 2 2 2
left_child=1 2 -1 -3 -2
right_child=4 3 -4 -5 -6
leaf_value=-0.022927598167935957 -0.0040234932457490769 0 0.0082168769758508581 -0.033704331780712041 -0.039768687740295898
leaf_weight=62.553388863801956 15.44099275022745 24.39526578783989 724.02936659008265 42.651938609778881 26.339118000119925
leaf_count=263 70 118 3175 255 119
internal_value=0.00137027 0.00316594 0.00551042 -0.0216838 -0.0303924
internal_weight=895.41 853.63 786.583 67.0472 41.7801
internal_count=4000 3811 3438 373 189
is_linear=0
shrinkage=0.08


Tree=119
num_leaves=8
num_cat=0
split_feature=13 11 6 32 21 29 10
split_gain=26.3448 13.1756 9.61584 6.44363 5.65218 4.32578 4.30739
threshold=0.31813503783679958 3.5000000000000004 0.43356320812486665 5.5000000000000009 1.0000000180025095e-35 2.3616578671569926 7.3008535414049156
decision_type=2 2 2 2 2 2 2
left_child=2 3 6 -2 -3 -4 -1
right_child=1 4 5 -5 -6 -7 -8
leaf_value=0.016713402064602187 0.018062125720464246 0.031755183881734136 -0.0066152692239751223 -0.022870570586727583 0.00023979354126427101 -0.0407266860797535 -0.02527088041482602
leaf_weight=46.721418427303433 31.245236121118069 169.87477005273104 42.934679429978132 71.030283201485872 56.052808156237006 113.40088928118348 18.971647771075368
leaf_count=259 125 787 322 611 301 1431 164
internal_value=-0.000396695 0.0137356 -0.0217249 -0.00906738 0.024566 -0.0324127 0.00226764
internal_weight=550.232 328.203 222.029 102.276 225.928 156.336 65.6931
internal_count=4000 1824 2176 736 1088 1753 423
is_linear=0
shrinkage=0.08


Tree=120
num_leaves=7
num_cat=0
split_feature=8 17 14 9 19 26
split_gain=23.4883 14.3804 7.53608 6.36285 5.04655 3.58313
threshold=1183.6670164361308 8.5000000000000018 5834.5376311241353 12.500000000000002 3.5000000000000004 2.968277053991931
decision_type=2 2 2 2 2 2
left_child=1 2 -1 -2 -3 -5
right_child=3 4 -4 5 -6 -7
leaf_value=-0.030249236056797201 -0.021936322073982512 -0.008261196496989023 0.016766466903550829 0 0.02850711735222582 0.02779866491295456
leaf_weight=213.94734873995185 16.985546704381704 35.822484880685806 18.933673337101936 27.056349217891693 48.089778244495392 164.42206412926316
leaf_count=2258 131 214 96 176 253 872
internal_value=-0.00156659 -0.0154445 -0.0257534 0.0188754 0.0116865 0.0233953
internal_weight=525.257 316.793 232.881 208.464 83.9123 191.478
internal_count=4000 2821 2354 1179 467 1048
is_linear=0
shrinkage=0.08


Tree=121
num_leaves=6
num_cat=0
split_feature=11 14 14 19 3
split_gain=6.70695 6.77005 7.81922 2.60442 0.808827
threshold=8.5000000000000018 5834.5376311241353 629.88163575515466 3.5000000000000004 0.27378436114041133
decision_type=2 2 2 2 2
left_child=1 2 -1 -3 -2
right_child=4 3 -4 -5 -6
leaf_value=-0.020356636025183769 -0.003081666234322399 0 0.0080753055749044136 -0.028937196377780649 -0.038151971328403263
leaf_weight=63.027145002037287 15.250243976712225 30.989216160029173 701.18384225293994 50.198045216500759 25.65415208414197
leaf_count=268 70 187 3049 307 119
internal_value=0.00132798 0.00302975 0.00550358 -0.0181972 -0.028914
internal_weight=886.303 845.398 764.211 81.1873 40.9044
internal_count=4000 3811 3317 494 189
is_linear=0
shrinkage=0.08


Tree=122
num_leaves=8
num_cat=0
split_feature=18 1 30 26 29 26 13
split_gain=25.1528 12.3979 12.3434 10.7471 4.92916 4.23119 3.72028
threshold=1.5000000000000002 -0.0039974311308663682 6.5000000000000009 2.8647930793195604 2.5250100316462065 2.5440958677685495 0.31953392945548148
decision_type=2 2 2 2 2 2 2
left_child=2 6 4 -3 -1 -4 -2
right_child=1 3 5 -5 -6 -7 -8
leaf_value=0.034147289340426823 0.0062127753994344502 0.017959328660858233 0 -0.023892435401159456 -0.0082190978290420033 -0.036367969654457065 0.037531031664367713
leaf_weight=26.153946898877621 44.899189800024033 77.868452033028007 25.432689629495144 72.397914560511708 34.756189718842506 147.19499813579023 113.76290572434664
leaf_count=112 207 365 145 565 185 1885 536
internal_value=-0.000427921 0.0142684 -0.0203102 -0.00149476 0.00884377 -0.0312556 0.0296904
internal_weight=542.466 308.928 233.538 150.266 60.9101 172.628 158.662
internal_count=4000 1673 2327 930 297 2030 743
is_linear=0
shrinkage=0.08


Tree=123
num_leaves=8
num_cat=0
split_feature=13 10 31 28 14 32 2
split_gain=24.0972 13.8228 9.89481 9.42229 3.31913 3.31027 1.37581
threshold=0.29460892223176854 1.3153926811795333 2458713.4590828959 0.51560276171630182 4090.1616227998888 10.500000000000002 0.34091160480466404
decision_type=2 2 2 2 2 2 2
left_child=1 6 4 -3 -2 -4 -1
right_child=2 3 5 -5 -6 -7 -8
leaf_value=0 -0.042271245595327002 -0.0037879976536681148 -0.0095694197938368791 0.027178480294557883 -0.011732689862924155 0.031951605764752623 -0.038052116883038889
leaf_weight=15.034411618486045 101.46279475651681 80.20747921615839 18.99880931712687 204.21196300908923 48.945525582879782 19.181042551994324 28.742909543216228
leaf_count=91 1415 540 161 1161 280 108 244
internal_value=-0.00147925 0.0113471 -0.0242553 0.0180799 -0.0335395 0.0091842 -0.0281842
internal_weight=516.785 328.197 188.588 284.419 150.408 38.1799 43.7773
internal_count=4000 2036 1964 1701 1695 269 335
is_linear=0
shrinkage=0.08


Tree=124
num_leaves=8
num_cat=0
split_feature=11 32 3 5 13 24 0
split_gain=6.06749 7.27716 8.02893 6.79678 4.48905 1.71366 0.454696
threshold=7.5000000000000009 11.500000000000002 0.35021028682335559 0.52686594755344718 0.40228635758270631 207.50000000000003 66420.541273130002
decision_type=2 2 2 2 2 2 2
left_child=1 2 -1 -3 5 -2 -6
right_child=4 3 -4 -5 6 -7 -8
leaf_value=-0.0066236549462168285 -0.014142964741403854 0.0085157615205402534 0.012413232790195357 -0.027023990447851073 -0.05069143004254982 0.019430220144224155 -0.014005666940419159
leaf_weight=188.80747875198722 17.640414871275425 48.349269676953554 483.66786723956466 84.071462538093328 19.668634030967951 15.114653050899504 19.080453060567379
leaf_count=803 73 231 2150 488 96 64 95
internal_value=0.001247 0.00338523 0.00688501 -0.0132605 -0.0203788 0 -0.0378058
internal_weight=876.4 804.896 672.475 132.421 71.5042 32.7551 38.7491
internal_count=4000 3672 2953 719 328 137 191
is_linear=0
shrinkage=0.08


Tree=125
num_leaves=7
num_cat=0
split_feature=17 4 29 32 32 2
split_gain=23.7452 17.959 12.0004 4.47887 1.99064 0.947055
threshold=6.5000000000000009 27.500000000000004 3.1036973753051176 4.5000000000000009 5.5000000000000009 0.73537177023965805
decision_type=2 2 2 2 2 2
left_child=1 2 -1 -2 -3 -5
right_child=3 4 -4 5 -6 -7
leaf_value=0.027317259490552664 0.0036229698963433734 0 -0.004567963710618874 -0.037862947614859872 -0.035759741832579621 -0.0079450984455517563
leaf_weight=228.81005829758942 16.774758949875832 16.807795099914074 102.1711342856288 101.48479708842933 47.461436426267028 20.760982962325215
leaf_count=1087 62 66 541 1553 515 176
internal_value=-0.000386622 0.00940494 0.0171626 -0.0286807 -0.0277464 -0.0340521
internal_weight=534.271 395.25 330.981 139.021 64.2692 122.246
internal_count=4000 2209 1628 1791 581 1729
is_linear=0
shrinkage=0.08


Tree=126
num_leaves=6
num_cat=0
split_feature=11 5 10 16 30
split_gain=22.4507 15.2806 10.1823 6.17889 1.96027
threshold=4.5000000000000009 0.69665810975469056 10.579917229280564 25.500000000000004 69.500000000000014
decision_type=2 2 2 2 2
left_child=1 2 -1 -3 -2
right_child=4 3 -4 -5 -6
leaf_value=-0.018720302211396929 -0.039168388435889503 -0.009148976689047324 0.012710322256154595 0.033541295275060959 0
leaf_weight=145.96058752946556 87.276312001980841 19.64981946721673 111.88978208974004 129.15190735086799 15.236882723867891
leaf_count=1236 1204 121 640 719 80
internal_value=-0.0014614 0.00677898 -0.00463216 0.027044 -0.0345502
internal_weight=509.165 406.652 257.85 148.802 102.513
internal_count=4000 2716 1876 840 1284
is_linear=0
shrinkage=0.08


Tree=127
num_leaves=8
num_cat=0
split_feature=27 30 17 4 17 1 1
split_gain=5.59543 8.12267 7.56979 5.19302 4.73793 4.79703 4.42919
threshold=0.91582542277914258 -1.0000000180025095e-35 6.5000000000000009 10.500000000000002 8.5000000000000018 0.0025955289034346632 -0.018610776328489342
decision_type=2 2 2 2 2 2 2
left_child=4 2 -2 -3 6 -6 -1
right_child=1 3 -4 -5 5 -7 -8
leaf_value=-0.0330267682459148 -0.029018577436007394 -0.021352300892998347 0.02257287778055744 0.013398254742902649 0.011125791111122933 -0.030033245932077058 0.0028500870784764569
leaf_weight=21.280120223760605 64.773775208741426 24.278744406998158 19.813562870025635 415.87079199030995 16.753550857305527 78.052432518452406 226.69600478187203
leaf_count=110 288 117 76 1855 75 440 1039
internal_value=0.00125926 0.0065524 -0.0152046 0.011079 -0.00648308 -0.0214148 -0.000108537
internal_weight=867.519 524.737 84.5873 440.15 342.782 94.806 247.976
internal_count=4000 2336 364 1972 1664 515 1149
is_linear=0
shrinkage=0.08


Tree=128
num_leaves=8
num_cat=0
split_feature=10 30 12 8 1 1 5
split_gain=22.2919 14.3851 9.457 6.88012 6.00889 5.09613 4.17165
threshold=2.1408546139771203 17.500000000000004 17.500000000000004 680.67512300270698 -0.0056187931291120227 0.001907203851563256 0.099123358815949927
decision_type=2 2 2 2 2 2 2
left_child=2 5 3 -1 -4 -2 -3
right_child=1 6 4 -5 -6 -7 -8
leaf_value=0.043073372253012637 0.01635491555084783 0 0.025089436172363637 0.0041110688706883468 -0.028889367550979206 -0.013667729104201817 -0.033013405446125119
leaf_weight=96.145014958456159 93.325515538454056 27.135223211720586 16.503123797476292 52.242745688185096 32.234881373122334 51.745761079713702 157.20448524318635
leaf_count=465 433 164 85 321 238 304 1990
internal_value=-0.000430054 -0.0133472 0.0204323 0.0305019 -0.00789731 0.00477571 -0.0280982
internal_weight=526.537 329.411 197.126 148.388 48.738 145.071 184.34
internal_count=4000 2891 1109 786 323 737 2154
is_linear=0
shrinkage=0.08


Tree=129
num_leaves=8
num_cat=0
split_feature=13 8 29 27 6 6 31
split_gain=21.0928 14.1042 10.1384 8.16878 6.50845 3.87969 2.96348
threshold=0.29460892223176854 1216.0926839008907 3.8099998144929059 0.91028085933484493 0.62714128633486044 0.47351453001065896 938417.51406502922
decision_type=2 2 2 2 2 2 2
left_child=1 3 4 -1 -2 -3 -4
right_child=2 5 6 -5 -6 -7 -8
leaf_value=0.014472706345690594 -0.041974269103613737 0 -0.014365323633261587 -0.018511709312310578 0 0.036571105872461089 0.023258655160661976
leaf_weight=82.706005135551095 112.53880949877203 26.382011335343122 16.74436210654676 102.67392052523792 22.743757804855704 109.03785483911633 28.854614326730371
leaf_count=509 1427 155 175 752 161 620 201
internal_value=-0.00140756 0.0106364 -0.0232455 -0.00316279 -0.0342175 0.0300525 0.00693968
internal_weight=501.681 320.8 180.882 185.38 135.283 135.42 45.599
internal_count=4000 2036 1964 1261 1588 775 376
is_linear=0
shrinkage=0.08


Tree=130
num_leaves=8
num_cat=0
split_feature=15 27 4 28 12 15 24
split_gain=5.27773 6.49074 6.59487 2.57558 2.21811 2.07154 1.11484
threshold=0.082678990977826397 0.77396728436679385 8.5000000000000018 0.39521556332249524 11.500000000000002 0.039690507694979726 255.50000000000003
decision_type=2 2 2 2 2 2 2
left_child=1 5 -3 4 -2 -1 -5
right_child=3 2 -4 6 -6 -7 -8
leaf_value=-0.021529063073770355 -0.04800567143643842 -0.032367517322627298 0.0083812904989754317 -0.012091659663685124 -0.0018397606477461186 0.0034553321761874086 0.0064474656755159343
leaf_weight=74.073509477078915 20.567067325115204 22.505365561693907 636.05664639919996 42.671808831393719 17.821014992892742 17.754247028380632 26.948875825852156
leaf_count=372 86 123 2935 188 80 90 126
internal_value=0.00122377 0.00374702 0.00666691 -0.014853 -0.0311601 -0.0154766 -0.00329319
internal_weight=858.399 750.39 658.562 108.009 38.3881 91.8278 69.6207
internal_count=4000 3520 3058 480 166 462 314
is_linear=0
shrinkage=0.08


Tree=131
num_leaves=8
num_cat=0
split_feature=3 11 18 13 14 29 27
split_gain=23.143 11.5743 10.0583 5.88419 5.12493 3.8234 3.75131
threshold=0.42998431209145799 3.5000000000000004 1.5000000000000002 0.29167829071261925 2421.9970466632362 3.1255659917176017 1.1452166546116629
decision_type=2 2 2 2 2 2 2
left_child=2 6 4 -3 -1 -4 -2
right_child=1 3 5 -5 -6 -7 -8
leaf_value=0.013433355762562414 -0.041863563108361326 -0.023675737168085111 0.03502231323417996 0.0088558465409183471 -0.023397233099216614 0.0039553857553117954 0
leaf_weight=42.364735821262002 97.708153048530221 50.592519596219063 123.99718216620386 99.125247474759817 45.142373222857714 44.199459293857217 15.898879796266554
leaf_count=221 1439 414 585 550 406 234 151
internal_value=-0.000428687 -0.0172016 0.0163795 -0.00160058 -0.00438637 0.0277717 -0.0361623
internal_weight=519.029 263.325 255.704 149.718 87.5071 168.197 113.607
internal_count=4000 2554 1446 964 627 819 1590
is_linear=0
shrinkage=0.08


Tree=132
num_leaves=7
num_cat=0
split_feature=11 13 29 27 17 29
split_gain=19.7761 14.2406 13.1561 5.89024 3.81621 0.537162
threshold=4.5000000000000009 0.12530378667770051 2.8354837738142402 1.1183967812254512 8.5000000000000018 3.9376933956624911
decision_type=2 2 2 2 2 2
left_child=1 3 -3 -1 5 -2
right_child=4 2 -4 -5 -6 -7
leaf_value=0.031103763153073571 -0.044318020865276753 -0.030638889069606434 0.0076942702282794531 -0.012289387006499466 0 -0.010101262618435986
leaf_weight=137.33695064857602 66.546152906492352 83.618676954880357 159.26320965588093 17.396056238561869 15.448376595973967 15.505959082394837
leaf_count=784 1035 735 1096 101 107 142
internal_value=-0.00125542 0.00646244 -0.00522773 0.0253235 -0.0331769 -0.0398471
internal_weight=495.115 397.615 242.882 154.733 97.5005 82.0521
internal_count=4000 2716 1831 885 1284 1177
is_linear=0
shrinkage=0.08


Tree=133
num_leaves=7
num_cat=0
split_feature=14 27 15 32 26 8
split_gain=4.99862 5.81108 6.54898 4.83451 3.11843 0.443926
threshold=479.40343499698002 0.91582542277914258 0.082678990977826397 11.500000000000002 2.9284090971994772 624.18395543829888
decision_type=2 2 2 2 2 2
left_child=4 3 -3 -2 5 -1
right_child=1 2 -4 -5 -6 -7
leaf_value=-0.04201833875274924 0 0.01240750213021315 -0.014178129067148815 -0.024294129881049797 0.0011817595822959084 -0.0075516587705468131
leaf_weight=24.128497671335936 252.62124917283654 414.49559148773551 62.566826291382313 63.994463752955198 17.649118423461914 15.254238270223139
leaf_count=116 1190 1896 270 390 75 63
internal_value=0.00114704 0.00295299 0.00860401 -0.00518709 -0.0208779 -0.0329791
internal_weight=850.71 793.678 477.062 316.616 57.0319 39.3827
internal_count=4000 3746 2166 1580 254 179
is_linear=0
shrinkage=0.08


Tree=134
num_leaves=8
num_cat=0
split_feature=3 28 1 29 26 9 6
split_gain=20.8517 9.99779 9.9771 6.93969 6.65783 4.48032 3.79992
threshold=0.42998431209145799 0.47967351642713851 -0.0027741173949735721 2.7619231977763046 2.6203672486132499 7.5000000000000009 0.57135510493337971
decision_type=2 2 2 2 2 2 2
left_child=1 6 3 -2 -3 -4 -1
right_child=2 4 5 -5 -6 -7 -8
leaf_value=0.034792739223594916 0.021568180380624576 0.024041288051229643 0.0049836243254966894 -0.018789484341071947 -0.015708741161189744 -0.033624976308282907 0
leaf_weight=120.92635286971927 55.196081802248955 37.49103444814682 15.310802727937697 47.126497697085142 75.519805050455034 141.51479343790561 19.150757078081369
leaf_count=589 286 177 81 293 559 1894 121
internal_value=-0.000453969 0.0155447 -0.0165354 0.00183562 -0.0012067 -0.029082 0.02964
internal_weight=512.236 253.088 259.148 102.323 113.011 156.826 140.077
internal_count=4000 1446 2554 579 736 1975 710
is_linear=0
shrinkage=0.08


Tree=135
num_leaves=7
num_cat=0
split_feature=21 14 9 6 30 9
split_gain=18.6811 11.3819 10.6197 8.51463 5.52886 2.77939
threshold=1.0000000180025095e-35 5567.2396894970407 13.500000000000002 0.46383947335122605 99.500000000000014 19.500000000000004
decision_type=2 2 2 2 2 2
left_child=1 4 -2 -4 -1 -3
right_child=2 5 3 -5 -6 -7
leaf_value=-0.030889111286723402 -0.026084813882250577 -0.00026496731396246558 -0.0088922518606280292 0.027459170176984828 0.0099621116130609397 0.035780691391927785
leaf_weight=171.86105218529701 33.226813251152635 16.38460404984653 45.724996029399335 181.35091717541218 17.887070924043655 22.285716693848372
leaf_count=1911 354 93 332 1074 100 136
internal_value=-0.00124001 -0.0180349 0.0130795 0.0195972 -0.0263205 0.0187089
internal_weight=488.721 228.418 260.303 227.076 189.748 38.6703
internal_count=4000 2240 1760 1406 2011 229
is_linear=0
shrinkage=0.08


Tree=136
num_leaves=6
num_cat=0
split_feature=4 14 1 26 29
split_gain=4.56236 6.0355 5.21401 5.16963 2.97401
threshold=39.500000000000007 629.88163575515466 -0.0053923055403371778 3.7090357126224949 3.3110598358895511
decision_type=2 2 2 2 2
left_child=1 2 -1 -3 -2
right_child=4 3 -4 -5 -6
leaf_value=-0.040871187487526356 0 0.0074790682441453092 0 -0.015474868567308049 -0.032353186048059139
leaf_weight=32.441747408360243 24.746557537466288 651.74651950225234 32.927763767540455 63.716543383896351 37.645473401993513
leaf_count=162 138 2949 135 380 236
internal_value=0.00110552 0.0029285 -0.0194386 0.00521177 -0.0189616
internal_weight=843.225 780.833 65.3695 715.463 62.392
internal_count=4000 3626 297 3329 374
is_linear=0
shrinkage=0.08


Tree=137
num_leaves=7
num_cat=0
split_feature=18 4 26 8 5 6
split_gain=18.3275 12.5028 10.1978 8.2083 4.92556 3.36943
threshold=2.5000000000000004 13.500000000000002 2.6979034701418652 1175.8994662892885 0.46500540084705988 0.49538867319146046
decision_type=2 2 2 2 2 2
left_child=1 5 -3 4 -2 -1
right_child=3 2 -4 -5 -6 -7
leaf_value=0.036718392584133362 0.03192705965736313 0.0034959943385664866 -0.029691420218495246 -0.023650531826033466 0 -0.00045773258302726918
leaf_weight=32.412437826395035 132.75751780718565 76.350932545959949 187.39497970044613 20.839163972064853 39.095325211063027 16.969479266554117
leaf_count=140 631 436 2368 132 215 78
internal_value=-0.000404423 -0.0125409 -0.019703 0.0185943 0.0247212 0.0223579
internal_weight=505.82 313.128 263.746 192.692 171.853 49.3819
internal_count=4000 3022 2804 978 846 218
is_linear=0
shrinkage=0.08


Tree=138
num_leaves=6
num_cat=0
split_feature=11 13 10 6 17
split_gain=17.2691 12.7714 8.28522 6.11783 3.56561
threshold=4.5000000000000009 0.29460892223176854 4.3693007478268706 0.63807382121107081 8.5000000000000018
decision_type=2 2 2 2 2
left_child=1 2 -1 -3 -2
right_child=4 3 -4 -5 -6
leaf_value=-0.0095284000336985017 -0.038591057855581201 -0.02340374295080205 0.023513998178991406 0.018147803503676931 0
leaf_weight=55.3647844158113 77.752930510789156 101.19981239363551 208.1112887468189 23.311348939314485 15.10529864579439
leaf_count=382 1177 955 1239 140 107
internal_value=-0.00125966 0.00595103 0.0160913 -0.0144393 -0.0318831
internal_weight=480.845 387.987 263.476 124.511 92.8582
internal_count=4000 2716 1621 1095 1284
is_linear=0
shrinkage=0.08


Tree=139
num_leaves=8
num_cat=0
split_feature=22 8 9 9 14 9 0
split_gain=5.17315 5.10191 5.10287 2.70233 4.06133 1.59934 0.191527
threshold=0.47873026353091247 2001.5335998116173 4.5000000000000009 19.500000000000004 2401.4753294696216 25.500000000000004 60704.35586134802
decision_type=2 2 2 2 2 2 2
left_child=3 2 -2 4 -1 -5 -3
right_child=1 6 -4 5 -6 -7 -8
leaf_value=-0.018370579016907678 -0.022406394049636118 -0.0032880255997862437 0.0084921756342161009 -0.026260439013735228 0.011325344617050051 0 -0.03042760004285093
leaf_weight=49.116287186741829 31.63921557739377 15.170345954596995 572.64620107784867 65.983566958457232 63.063494265079498 16.136179953813553 20.067017432302237
leaf_count=223 157 96 2650 341 312 85 136
internal_value=0.00105018 0.00465467 0.00657409 -0.0100959 -0.000774568 -0.0209435 -0.0230565
internal_weight=833.822 639.523 604.285 194.3 112.18 82.1197 35.2374
internal_count=4000 3039 2807 961 535 426 232
is_linear=0
shrinkage=0.08


Tree=140
num_leaves=7
num_cat=0
split_feature=14 3 11 11 32 32
split_gain=18.8389 11.2806 7.08154 5.9966 5.0871 2.10116
threshold=3601.1211227297586 0.42998431209145799 5.5000000000000009 3.5000000000000004 9.5000000000000018 6.5000000000000009
decision_type=2 2 2 2 2 2
left_child=1 4 5 -3 -1 -2
right_child=2 3 -4 -5 -6 -7
leaf_value=0.025446618585397079 -0.0092331939215012232 -0.024914302317929907 0.0036375152990874536 0.0043607002043336519 -0.012479674752725338 -0.046444225932965474
leaf_weight=182.68076675012708 23.513154461979866 65.596427271142602 27.242042526602745 113.50893527828157 19.455833539366722 67.154441391117871
leaf_count=895 117 585 148 642 164 1449
internal_value=-0.000297379 0.0081296 -0.0280628 -0.00593597 0.0210821 -0.0386801
internal_weight=499.152 381.242 117.91 179.105 202.137 90.6676
internal_count=4000 2286 1714 1227 1059 1566
is_linear=0
shrinkage=0.08


Tree=141
num_leaves=8
num_cat=0
split_feature=5 6 31 31 13 16 24
split_gain=17.8704 10.3541 7.31893 7.04749 5.44814 4.63903 1.91524
threshold=0.69665810975469056 0.59533589757073824 1735906.2179480779 2437032.3867379418 0.2833852689058044 41.500000000000007 246.50000000000003
decision_type=2 2 2 2 2 2 2
left_child=1 4 5 -3 -1 -2 -4
right_child=2 3 6 -5 -6 -7 -8
leaf_value=-0.0093740319070116304 -0.019461473348605464 -0.0038979624997249724 0.013760356472281838 0.042200849894237474 -0.036260061665917921 0.017909413681289996 0.048443294232290046
leaf_weight=131.74163384176791 32.321042612195015 60.642234252765775 31.569432649761438 26.623004922643304 96.162199742160738 48.321583289653063 47.204858258366585
leaf_count=966 219 459 179 153 1436 301 287
internal_value=-0.00125034 -0.0124986 0.0200688 0.00977166 -0.0215618 0.00133592 0.037026
internal_weight=474.586 315.169 159.417 87.2652 227.904 80.6426 78.7743
internal_count=4000 3014 986 612 2402 520 466
is_linear=0
shrinkage=0.08


Tree=142
num_leaves=8
num_cat=0
split_feature=22 1 28 28 15 7 12
split_gain=4.58749 5.12591 8.12634 5.35621 1.65466 2.3927 1.64317
threshold=0.47873026353091247 0.026506393684642356 0.29902968441449868 0.52283082110577161 -0.02888786747074568 -0.0017440144452863661 13.500000000000002
decision_type=2 2 2 2 2 2 2
left_child=4 2 -2 -3 6 -6 -1
right_child=1 3 -4 -5 5 -7 -8
leaf_value=-0.013074710006389307 -0.011736710941641975 0.016022232069188944 0.011866275640241649 -0.029929739332922641 -0.028511350154025231 -0.0034670328194923213 0.010530010696526784
leaf_weight=30.392046112567186 109.63248746097088 17.754110787063837 458.84864213317633 48.19608199596405 49.42125516012311 72.322667568922043 40.361814264208078
leaf_count=141 514 87 2168 270 245 370 205
internal_value=0.00103984 0.00445339 0.0070667 -0.01566 -0.00949237 -0.0150368 0
internal_weight=826.929 634.431 568.481 65.9502 192.498 121.744 70.7539
internal_count=4000 3039 2682 357 961 615 346
is_linear=0
shrinkage=0.08


Tree=143
num_leaves=8
num_cat=0
split_feature=10 28 33 12 9 8 5
split_gain=18.086 12.1788 8.34787 8.01648 6.27401 5.55512 3.83338
threshold=2.1408546139771203 0.27052577730913502 1.0000000180025095e-35 17.500000000000004 11.500000000000002 680.67512300270698 0.18037401227295627
decision_type=2 2 2 2 2 2 2
left_child=3 4 -3 5 -2 -1 -5
right_child=1 2 -4 6 -6 -7 -8
leaf_value=0.040151954499446044 0.048445174497321962 -0.004678813532446046 -0.035461293174911153 0.017282166734752538 0 0.0038053530080531823 -0.025904862944688665
leaf_weight=90.72680976614356 22.767364796251059 124.12980689574033 121.14336061012 16.502066180109978 38.897845964878798 49.645331490784883 29.262311298400164
leaf_count=465 112 864 1667 90 248 321 233
internal_value=-0.000294008 -0.0124244 -0.0206108 0.0189542 0.0177269 0.0284829 -0.00776618
internal_weight=493.075 306.938 245.273 186.137 61.6652 140.372 45.7644
internal_count=4000 2891 2531 1109 360 786 323
is_linear=0
shrinkage=0.08


Tree=144
num_leaves=7
num_cat=0
split_feature=5 10 30 21 16 10
split_gain=16.2147 9.44759 6.98801 6.64002 5.84144 3.81309
threshold=0.69665810975469056 10.253685371328702 79.500000000000014 1.0000000180025095e-35 25.500000000000004 2.4995412125610481
decision_type=2 2 2 2 2 2
left_child=1 2 -1 -3 -2 -6
right_child=4 3 -4 -5 5 -7
leaf_value=-0.030436507421785754 -0.014782609159734329 -0.01731237033574869 0.0094130110428519952 0.018608101879345008 -0.001228123673589295 0.031160775524158899
leaf_weight=154.32682445459068 21.369597821496427 49.912236897274852 27.626231167465448 79.283702660351992 19.980277175083756 116.19857841543853
leaf_count=2006 147 385 153 470 134 705
internal_value=-0.00118558 -0.011985 -0.0236827 0.00374525 0.0192207 0.0256224
internal_weight=468.697 311.149 181.953 129.196 157.548 136.179
internal_count=4000 3014 2159 855 986 839
is_linear=0
shrinkage=0.08


Tree=145
num_leaves=8
num_cat=0
split_feature=15 6 2 5 14 30 28
split_gain=4.45284 6.04146 5.41846 5.75108 5.51637 2.14961 0.598755
threshold=0.082678990977826397 0.48402072539198365 0.071182809745192657 0.51317885673097208 479.40343499698002 10.500000000000002 0.38611829900533712
decision_type=2 2 2 2 2 2 2
left_child=2 5 3 -1 -4 -2 -3
right_child=1 6 4 -5 -6 -7 -8
leaf_value=0.007649062632646109 -0.055515656880708412 -0.0059707348652621919 -0.019289058857009739 -0.032270949750679907 0.0082469923203033185 -0.012677915172845109 0.0092770805928461212
leaf_weight=32.633348599076271 19.012979947030544 16.142567027360201 45.444609723985195 49.326506581157446 589.33423263207078 30.435622025281191 37.874869734048843
leaf_count=161 79 76 216 302 2841 148 177
internal_value=0.000963801 -0.0140989 0.00335463 -0.015255 0.00600604 -0.0336703 0.0025414
internal_weight=820.205 103.466 716.739 81.9599 634.779 49.4486 54.0174
internal_count=4000 480 3520 463 3057 227 253
is_linear=0
shrinkage=0.08


Tree=146
num_leaves=6
num_cat=0
split_feature=14 8 1 8 32
split_gain=16.5919 12.2253 9.04354 4.08185 0.920797
threshold=3790.5876339204719 1216.0926839008907 0.00060690720920390589 45.820192688156972 6.5000000000000009
decision_type=2 2 2 2 2
left_child=1 2 -1 -2 -5
right_child=3 -3 -4 4 -6
leaf_value=0.02255838050925842 0.0016766799680460807 -0.03155018282433418 -0.0030360438010335919 -0.01245626092463631 -0.043250622402485769
leaf_weight=210.88008963689208 15.168338136747478 42.220959053374827 136.78246063552797 24.42303479462862 58.426114438101649
leaf_count=1103 99 379 932 119 1368
internal_value=-0.000232573 0.00695797 0.0122066 -0.0293795 -0.0363231
internal_weight=487.901 389.884 347.663 98.0175 82.8491
internal_count=4000 2414 2035 1586 1487
is_linear=0
shrinkage=0.08


Tree=147
num_leaves=8
num_cat=0
split_feature=3 2 29 27 16 6 21
split_gain=15.5278 8.30576 6.73523 4.78866 4.28222 4.04351 1.07232
threshold=0.5324993254542264 0.52371351206318528 3.2965037832252535 0.91708415054700831 38.500000000000007 0.64418087476254293 1.0000000180025095e-35
decision_type=2 2 2 2 2 2 2
left_child=2 3 6 -2 -3 -4 -1
right_child=1 4 5 -5 -6 -7 -8
leaf_value=-0.042882403268737976 0.029317335550305135 -0.032580732768455002 -0.011386252588399709 0.0039766838562804527 0.0037774895980074801 0.030393782304676958 -0.016064730275280679
leaf_weight=56.562269000336528 112.9951094603166 33.3138467380777 64.101941651664674 104.21288412902504 35.633905450813472 15.672845423221586 39.884538858197629
leaf_count=872 707 326 560 706 335 97 397
internal_value=-0.00113838 0.0100632 -0.0198615 0.0179241 -0.012748 -0.00092421 -0.0338181
internal_weight=462.377 286.156 176.222 217.208 68.9478 79.7748 96.4468
internal_count=4000 2074 1926 1413 661 657 1269
is_linear=0
shrinkage=0.08


Tree=148
num_leaves=7
num_cat=0
split_feature=23 30 15 1 26 26
split_gain=4.31634 5.31742 4.99652 4.58842 5.04996 4.11928
threshold=0.49849869057952151 -14.499999999999998 0.016463522579433277 0.0193544244465816 2.6979034701418652 3.2269499314757732
decision_type=2 2 2 2 2 2
left_child=1 -1 -3 4 -2 -5
right_child=3 2 -4 5 -6 -7
leaf_value=-0.025701341976377662 -0.014265488798806146 0.018554042707852852 -0.00064980570405150995 0.0002083294789112799 0.0064410170507994751 -0.030026678698183901
leaf_weight=23.457411900162697 103.57348938286304 198.92848714068532 131.29069114848971 36.026575673371553 253.27296013012528 66.935983337461948
leaf_count=113 491 948 635 167 1228 418
internal_value=0.000952689 0.00768017 0.0106216 -0.00397892 2.87222e-05 -0.0186086
internal_weight=813.486 353.677 330.219 459.809 356.846 102.963
internal_count=4000 1696 1583 2304 1719 585
is_linear=0
shrinkage=0.08


Tree=149
num_leaves=8
num_cat=0
split_feature=13 28 30 1 3 1 6
split_gain=15.8422 8.4214 8.00057 5.66467 5.346 3.05249 1.65665
threshold=0.40228635758270631 0.64512670856204279 31.500000000000004 0.008963266173325787 0.5324993254542264 -0.0067543620668575818 0.43356320812486665
decision_type=2 2 2 2 2 2 2
left_child=2 3 4 -2 -1 -3 -4
right_child=1 5 6 -5 -6 -7 -8
leaf_value=0.0087919712274550834 0.028814344963867321 0.0046257041447089206 -0.0054806049464532222 -0.004612690825527491 -0.021402482548849491 -0.03179439817274704 -0.037604546691162727
leaf_weight=96.466791540384293 152.56462887302041 19.337249059230089 23.84679794870317 32.610053773969412 55.903611769899726 25.480678359046578 76.533026415854692
leaf_count=524 805 95 250 213 404 249 1460
internal_value=-0.000263679 0.0145757 -0.0142487 0.0223103 -0.00171316 -0.0142666 -0.0315143
internal_weight=482.743 229.993 252.75 185.175 152.37 44.8179 100.38
internal_count=4000 1362 2638 1018 928 344 1710
is_linear=0
shrinkage=0.08


Tree=150
num_leaves=8
num_cat=0
split_feature=8 2 13 6 32 6 31
split_gain=13.6873 9.05693 7.74194 4.48592 3.82345 3.82245 2.52031
threshold=1183.6670164361308 0.37743899120480601 0.28539444158721117 0.59399333721894221 7.5000000000000009 0.60133745661554905 1344576.7178981502
decision_type=2 2 2 2 2 2 2
left_child=1 4 6 -3 -1 -4 -2
right_child=2 3 5 -5 -6 -7 -8
leaf_value=-0.024271905323540083 0.0075930611082939657 -0.033077027067048403 -0.0242787011097968 0 0.010089772205839091 0.015408852175528542 0.035168273090595135
leaf_weight=21.974308415316045 48.359488811343908 116.00215494073927 35.304821355268359 34.119716941379011 100.97413304075599 19.969685181975365 80.259501963853836
leaf_count=297 293 1610 270 301 613 109 507
internal_value=-0.00112442 -0.0126751 0.0153136 -0.0257449 0.00256376 -0.00782597 0.0261214
internal_weight=456.964 273.07 183.893 150.122 122.948 55.2745 128.619
internal_count=4000 2821 1179 1911 910 379 800
is_linear=0
shrinkage=0.08


Tree=151
num_leaves=6
num_cat=0
split_feature=22 15 6 17 19
split_gain=4.00084 4.03661 4.61053 4.36835 0.00562245
threshold=0.29131518104868703 0.082678990977826397 0.48402072539198365 8.5000000000000018 2.5000000000000004
decision_type=2 2 2 2 2
left_child=4 3 -3 -2 -1
right_child=1 2 -4 -5 -6
leaf_value=-0.033709793483855756 0.0081283553472397563 -0.029812630349106969 0.0023771166825187103 -0.0069300071381339116 -0.0063119328539536258
leaf_weight=16.03265351057053 527.40935783460736 47.192629024386406 50.921928714960814 149.80218994989991 15.534753918647764
leaf_count=84 2531 221 242 845 77
internal_value=0.000945387 0.00226671 -0.0123444 0.00460509 -0.0254163
internal_weight=806.894 775.326 98.1146 677.212 31.5674
internal_count=4000 3839 463 3376 161
is_linear=0
shrinkage=0.08


Tree=152
num_leaves=8
num_cat=0
split_feature=5 24 13 21 12 29 29
split_gain=14.6108 11.0222 8.04999 6.98366 3.24352 2.94622 1.36271
threshold=0.46835778893673946 254.50000000000003 0.46304617206691639 1.0000000180025095e-35 10.500000000000002 2.1143865160669768 2.7351344334904577
decision_type=2 2 2 2 2 2 2
left_child=1 3 5 -1 -3 -2 -4
right_child=2 4 6 -5 -6 -7 -8
leaf_value=0.026462134126729379 -0.0007182088519309531 0.0060792625033234465 0.019339792178623524 -0.0029066189638296451 -0.023629137083146321 -0.039771604569663437 -0.0046319295089140913
leaf_weight=173.62065586727113 22.040944404900074 26.256668438203633 21.699968608096242 62.691152596846223 63.825488354079425 83.091294139623642 24.168127316981554
leaf_count=923 185 172 139 442 539 1410 190
internal_value=-0.000267429 0.00899121 -0.0208449 0.0182307 -0.0137639 -0.0329409 0.00474443
internal_weight=477.394 326.394 151 236.312 90.0822 105.132 45.8681
internal_count=4000 2076 1924 1365 711 1595 329
is_linear=0
shrinkage=0.08


Tree=153
num_leaves=8
num_cat=0
split_feature=3 10 8 30 5 13 24
split_gain=13.6416 8.95589 8.73019 7.08514 6.99431 3.65847 0.999213
threshold=0.5324993254542264 10.253685371328702 1468.9783943357097 66.500000000000014 0.88545659644176589 0.29460892223176854 284.50000000000006
decision_type=2 2 2 2 2 2 2
left_child=2 3 4 -2 -1 -3 -4
right_child=1 5 6 -5 -6 -7 -8
leaf_value=-0.035092863202097355 -0.017463118182044237 0.031759719481107222 0 0.01935785226629809 0.014499615754725139 0.00033228276940554165 0.026552309074027149
leaf_weight=120.40960180014372 92.958297681063414 99.680543532595038 18.266712378710508 46.56968904286623 15.932209005579351 41.169078024104238 16.266552433371544
leaf_count=1618 903 607 113 290 98 274 97
internal_value=-0.00109464 0.00945598 -0.0189611 -0.00418282 -0.0282491 0.0236065 0.0138391
internal_weight=451.253 280.378 170.875 139.528 136.342 140.85 34.5333
internal_count=4000 2074 1926 1193 1716 881 210
is_linear=0
shrinkage=0.08


Tree=154
num_leaves=7
num_cat=0
split_feature=11 9 3 31 15 24
split_gain=3.89726 5.22751 6.95016 5.41118 1.68646 2.03575
threshold=7.5000000000000009 18.500000000000004 0.33529689404004909 1109042.8847995566 0.016463522579433277 203.50000000000003
decision_type=2 2 2 2 2 2
left_child=1 2 -1 -3 5 -2
right_child=4 3 -4 -5 -6 -7
leaf_value=-0.0072739765303524544 -0.019174327492768119 0.0067297901740444614 0.015414276446967955 -0.013481397813747843 -0.031823200445648167 0.014593478048890867
leaf_weight=111.52644813805819 22.024306017905474 140.97220204770565 294.46119369193912 188.60920038446784 27.318224754184484 15.812849037349222
leaf_count=510 107 685 1421 1056 141 80
internal_value=0.000905443 0.00273208 0.00888068 -0.00449291 -0.0171682 -0.00208828
internal_weight=800.724 735.569 405.988 329.581 65.1554 37.8372
internal_count=4000 3672 1931 1741 328 187
is_linear=0
shrinkage=0.08


Tree=155
num_leaves=8
num_cat=0
split_feature=13 4 6 28 18 5 5
split_gain=13.6423 8.38805 6.55887 6.39144 4.89363 1.92933 1.22574
threshold=0.31813503783679958 27.500000000000004 0.43356320812486665 0.64512670856204279 2.5000000000000004 0.30892822771191936 0.29575466781888554
decision_type=2 2 2 2 2 2 2
left_child=2 3 6 -2 -4 -3 -1
right_child=1 5 4 -5 -6 -7 -8
leaf_value=0.015551198338794221 0.022811056101109416 0 -0.036883229813851774 -0.0078685836409617717 0 -0.03231417365669069 -0.0052744297247065862
leaf_weight=27.671169012784958 197.5528743956238 18.115390062332153 91.865622904151678 47.144049497321248 33.40939689707011 26.246218094602227 30.895569365471601
leaf_count=150 1035 134 1542 307 211 348 273
internal_value=-0.000232154 0.0103132 -0.0173544 0.016392 -0.0276026 -0.0195984 0.00289432
internal_weight=472.9 289.059 183.842 244.697 125.275 44.3616 58.5667
internal_count=4000 1824 2176 1342 1753 482 423
is_linear=0
shrinkage=0.08


Tree=156
num_leaves=8
num_cat=0
split_feature=28 3 29 26 5 21 31
split_gain=14.1361 9.13573 5.41732 4.6983 4.45594 1.931 1.35638
threshold=0.51560276171630182 0.5324993254542264 3.2965037832252535 3.3938529161124729 0.51317885673097208 1.0000000180025095e-35 1551035.7014611901
decision_type=2 2 2 2 2 2 2
left_child=3 2 -2 5 -3 -1 -5
right_child=1 4 -4 6 -6 -7 -8
leaf_value=-0.040408065622947159 -0.028012348934780988 0.0019540454289356198 0.0066111128519215192 -0.013126431247873101 0.028703082137601827 -0.012339285330166984 0.013757799550028954
leaf_weight=59.850090771913528 50.387674848549068 75.160880853421986 52.343937520869076 18.850162295624614 118.65091274864972 46.538372086361051 22.972250068560243
leaf_count=999 533 568 382 120 776 473 149
internal_value=-0.000995089 0.00879624 -0.00954898 -0.0211652 0.0191273 -0.0299019 0
internal_weight=444.754 296.543 102.732 148.211 193.812 106.388 41.8224
internal_count=4000 2259 915 1741 1344 1472 269
is_linear=0
shrinkage=0.08


Tree=157
num_leaves=6
num_cat=0
split_feature=30 23 11 5 23
split_gain=3.66543 4.80329 4.62652 3.76524 2.00851
threshold=-14.499999999999998 0.49849869057952151 -1.0000000180025095e-35 0.88545659644176589 0.59182943268615784
decision_type=2 2 2 2 2
left_child=4 3 -3 -2 -1
right_child=1 2 -4 -5 -6
leaf_value=-0.028611463485721928 0.012850174129339236 -0.03302105267792748 -0.00029973072491956346 -0.014543008443164208 0
leaf_weight=36.516670942306519 292.7971295453608 27.492803480476141 391.38829572126269 29.540352806448936 15.182074479758738
leaf_count=177 1426 151 2016 157 73
internal_value=0.000867005 0.00247601 -0.00295134 0.00985995 -0.0188785
internal_weight=792.917 741.219 418.881 322.337 51.6987
internal_count=4000 3750 2167 1583 250
is_linear=0
shrinkage=0.08


Tree=158
num_leaves=8
num_cat=0
split_feature=10 28 11 12 14 3 5
split_gain=14.8741 10.2958 8.51027 6.84499 3.91389 2.83559 2.80989
threshold=1.7350482040057769 0.27052577730913502 5.5000000000000009 17.500000000000004 3088.3175198223221 0.35237619764978173 0.18492406743572012
decision_type=2 2 2 2 2 2 2
left_child=3 5 -3 4 -1 -2 -5
right_child=1 2 -4 6 -6 -7 -8
leaf_value=0.035957453989261569 0.034527199874183977 -0.028140256282466861 0.0038364486735860226 0.013738744425914884 0 0 -0.024567714254905303
leaf_weight=93.155277812853456 26.87366209924221 172.75700046960264 66.633734114468098 15.026341997087 32.39793905057013 35.365703094750643 25.220076586119831
leaf_count=517 137 2233 362 84 218 239 210
internal_value=-0.000264671 -0.0110667 -0.0188072 0.0185234 0.0277892 0.0163619 -0.00752995
internal_weight=467.43 301.63 239.391 165.8 125.553 62.2394 40.2464
internal_count=4000 2971 2595 1029 735 376 294
is_linear=0
shrinkage=0.08


Tree=159
num_leaves=7
num_cat=0
split_feature=5 3 1 16 9 32
split_gain=12.2773 8.88297 5.44045 5.01859 4.22588 3.44071
threshold=0.69665810975469056 0.5324993254542264 0.0058476480466622951 25.500000000000004 17.500000000000004 9.5000000000000018
decision_type=2 2 2 2 2 2
left_child=1 5 -3 -2 -5 -1
right_child=3 2 -4 4 -6 -7
leaf_value=-0.040347271873707492 -0.014782863938487465 -0.017773514547810433 0.011005019126714205 0 0.032547055671676393 -0.008307405747812302
leaf_weight=64.21595118008554 20.375246544368565 62.778472798876464 112.92393747717142 38.448739283718169 90.281617112457752 50.766011148691177
leaf_count=1244 147 666 768 261 578 336
internal_value=-0.00100004 -0.0108007 0 0.0171539 0.0233413 -0.0277893
internal_weight=439.79 290.684 175.702 149.106 128.73 114.982
internal_count=4000 3014 1434 986 839 1580
is_linear=0
shrinkage=0.08


Tree=160
num_leaves=7
num_cat=0
split_feature=6 31 26 11 29 26
split_gain=3.63732 4.8416 4.3205 7.87084 4.48553 2.32317
threshold=0.64104269634616695 2859268.999486214 2.6979034701418652 2.5000000000000004 4.1991942073707493 3.5573323165708772
decision_type=2 2 2 2 2 2
left_child=2 5 3 -1 -4 -2
right_child=1 -3 4 -5 -6 -7
leaf_value=0.022001488066406786 0.0056683869045253818 -0.042797446176095245 0.010459206659230049 -0.015954064795007633 -0.0096640144214467545 -0.023002228449362571
leaf_weight=40.739084810018539 57.304876368492842 23.335672974586487 419.58036552928388 147.35081731528044 76.658203814178705 21.69925931468606
leaf_count=188 277 137 2088 723 431 156
internal_value=0.000785456 -0.012848 0.00304608 -0.00688881 0.00707084 -0.00129636
internal_weight=786.668 102.34 684.328 188.09 496.239 79.0041
internal_count=4000 570 3430 911 2519 433
is_linear=0
shrinkage=0.08


Tree=161
num_leaves=7
num_cat=0
split_feature=14 24 28 33 28 31
split_gain=12.7994 9.49033 7.4954 5.64356 3.71392 1.34459
threshold=3790.5876339204719 251.50000000000003 0.314480284525126 1.0000000180025095e-35 0.30238541782667944 147688.84087847994
decision_type=2 2 2 2 2 2
left_child=1 3 -3 -1 -2 -6
right_child=4 2 -4 -5 5 -7
leaf_value=0.02361170111480293 0.0019736616854047814 0.016288370876016613 -0.026176236519697756 0 -0.0030286669825509041 -0.040201494738044977
leaf_weight=164.30892701633275 15.215540886856614 33.292690357193351 79.127897711470723 96.315053639002144 15.630301764234899 58.691725432872772
leaf_count=880 136 196 672 666 179 1271
internal_value=-0.000123378 0.00617781 -0.0124644 0.0147247 -0.0270222 -0.0343566
internal_weight=462.582 373.045 112.421 260.624 89.5376 74.322
internal_count=4000 2414 868 1546 1586 1450
is_linear=0
shrinkage=0.08


Tree=162
num_leaves=7
num_cat=0
split_feature=11 3 8 10 14 2
split_gain=12.3806 9.1848 8.33215 4.39052 2.06199 0.96064
threshold=4.5000000000000009 0.64261887899638381 948.61459752219798 4.5729753010604766 4548.8988344767276 0.31872805177121127
decision_type=2 2 2 2 2 2
left_child=1 2 -1 -3 5 -2
right_child=4 3 -4 -5 -6 -7
leaf_value=-0.024983929497620214 -0.0078570764167100442 -0.0030827423943521537 0.0085509161772539324 0.024903783245730053 0 -0.042936606628050988
leaf_weight=85.594274332746863 17.690763765014708 37.628204277716577 92.685391757637262 137.70246496796608 18.230397872626781 44.732817183248699
leaf_count=875 194 299 648 894 112 978
internal_value=-0.00099511 0.00522571 -0.00703463 0.0182738 -0.0289128 -0.0356455
internal_weight=434.264 353.61 178.28 175.331 80.654 62.4236
internal_count=4000 2716 1523 1193 1284 1172
is_linear=0
shrinkage=0.08


Tree=163
num_leaves=7
num_cat=0
split_feature=6 30 17 28 27 9
split_gain=3.27864 4.68205 7.59928 4.43487 3.85179 2.55952
threshold=0.64104269634616695 5.5000000000000009 7.5000000000000009 0.44366837752244953 0.77649241019592374 15.500000000000002
decision_type=2 2 2 2 2 2
left_child=1 2 -1 -2 -3 -5
right_child=3 4 -4 5 -6 -7
leaf_value=-0.016590292545685479 0.015773554678870469 -0.009725035222583429 0.030867301930404347 0 0.0095086609444736889 -0.029131499200018035
leaf_weight=133.8240109719336 21.131703440099955 69.536677170544863 21.437396213412285 18.763286076486111 454.5117801707238 61.001013806089759
leaf_count=650 112 381 93 87 2306 371
internal_value=0.000789121 0.0029448 -0.00881854 -0.0122355 0.006688 -0.0214086
internal_weight=780.206 679.31 155.261 100.896 524.048 79.7643
internal_count=4000 3430 743 570 2687 458
is_linear=0
shrinkage=0.08


Tree=164
num_leaves=8
num_cat=0
split_feature=10 13 12 26 29 26 26
split_gain=13.201 7.89343 6.12304 4.74251 4.40705 3.02059 2.79745
threshold=1.7350482040057769 0.31953392945548148 17.500000000000004 3.0697454330383507 3.1733311007888454 2.7575052160589784 2.8507439086239548
decision_type=2 2 2 2 2 2 2
left_child=2 5 4 -3 -1 -2 -4
right_child=1 3 6 -5 -6 -7 -8
leaf_value=0.036078869890609766 -0.0039134032350544683 0.0088966795578839138 0.0074288935465292071 -0.020217203839751164 0 -0.034429428653775733 -0.030538290417634523
leaf_weight=87.029366374015808 41.117848420515656 124.47305214777589 22.56554582901299 46.575515418313444 36.296782460995018 82.851589413359761 16.940652159973979
leaf_count=493 270 707 126 474 242 1520 168
internal_value=-0.000136525 -0.010458 0.017691 6.78466e-05 0.0265406 -0.0255847 -0.00703497
internal_weight=457.85 295.018 162.832 171.049 123.326 123.969 39.5062
internal_count=4000 2971 1029 1181 735 1790 294
is_linear=0
shrinkage=0.08


Tree=165
num_leaves=8
num_cat=0
split_feature=28 3 8 1 10 10 28
split_gain=11.9137 7.17312 6.20471 6.0649 3.09914 1.36431 0.805052
threshold=0.51560276171630182 0.64486439428525666 1199.4723093153709 0.013294420915856043 1.6487264070964456 6.757810695546806 0.38611829900533712
decision_type=2 2 2 2 2 2 2
left_child=2 3 6 -2 -3 -4 -1
right_child=1 4 5 -5 -6 -7 -8
leaf_value=-0.039707824687491886 -0.019146758985327601 -0.0047945934116664507 -0.011666184549856649 0.012664442198340896 0.02526460941575507 0.014360906152676847 -0.015392877498933021
leaf_weight=55.202572785783559 78.546535448171198 17.739788538776338 15.565345132723449 66.134258581325412 125.22425224259496 28.452300881035626 42.418925539590418
leaf_count=925 816 144 140 450 849 186 490
internal_value=-0.00101979 0.00803142 -0.0200162 -0.00383127 0.0206907 0.00244795 -0.0311089
internal_weight=429.284 287.645 141.639 144.681 142.964 44.0176 97.6215
internal_count=4000 2259 1741 1266 993 326 1415
is_linear=0
shrinkage=0.08


Tree=166
num_leaves=8
num_cat=0
split_feature=15 17 10 3 3 9 10
split_gain=3.66065 5.29992 4.99753 3.39779 3.14277 4.82244 2.84613
threshold=0.0011359916044573011 8.5000000000000018 -4.5852422535405806 0.48252519996455373 0.43262331832809903 18.500000000000004 2.1408546139771203
decision_type=2 2 2 2 2 2 2
left_child=1 2 -1 -3 6 -6 -2
right_child=4 3 -4 -5 5 -7 -8
leaf_value=-0.021325979922395089 -0.028651905102768556 0.010564154409191975 0.014439631221252625 -0.02133811570571376 0.011954103340786828 -0.01081872048207907 -0.0037652159409652178
leaf_weight=22.163145665079355 51.590565707534552 24.615617029368877 288.19672016426921 59.17806732095778 123.05006235465407 108.05018232390285 96.935649033635855
leaf_count=115 265 122 1427 376 633 606 456
internal_value=0.00082148 0.00632782 0.0113229 -0.0105426 -0.00458674 0.000791945 -0.0135977
internal_weight=773.78 394.154 310.36 83.7937 379.626 231.1 148.526
internal_count=4000 2040 1542 498 1960 1239 721
is_linear=0
shrinkage=0.08


Tree=167
num_leaves=7
num_cat=0
split_feature=10 28 11 3 29 3
split_gain=11.9571 8.71811 7.30691 4.96691 4.09209 2.56542
threshold=1.7350482040057769 0.27052577730913502 5.5000000000000009 0.73293147416035664 2.7619231977763046 0.35237619764978173
decision_type=2 2 2 2 2 2
left_child=3 5 -3 4 -1 -2
right_child=1 2 -4 -5 -6 -7
leaf_value=0.03413415205232332 0.032730780428715543 -0.026341433032241728 0.0035677138128559008 -0.015016484744606737 0.0038501331346619734 0
leaf_weight=81.458815161138773 26.252845797687769 165.10770585248247 65.365299581550062 20.553068755194545 59.322259368374944 34.831529303453863
leaf_count=461 137 2233 362 173 395 239
internal_value=-0.000169497 -0.0100709 -0.017408 0.016851 0.0225543 0.0152584
internal_weight=452.892 291.557 230.473 161.334 140.781 61.0844
internal_count=4000 2971 2595 1029 856 376
is_linear=0
shrinkage=0.08


Tree=168
num_leaves=6
num_cat=0
split_feature=11 5 10 1 14
split_gain=11.0167 7.8582 6.27667 6.20912 1.87876
threshold=4.5000000000000009 0.46045972717888201 10.866639862881124 0.018635615001210557 4548.8988344767276
decision_type=2 2 2 2 2
left_child=1 2 -1 -3 -2
right_child=4 3 -4 -5 -6
leaf_value=-0.025117462721151007 -0.034595699385136465 0.0019328336182585961 0.0099086040825847113 0.03002852806413241 0
leaf_weight=75.588293597102165 59.535671182908118 134.11780402064323 47.882702806964517 89.328495591878891 17.997502529993653
leaf_count=843 1172 963 316 594 112
internal_value=-0.00103295 0.00482329 -0.0106725 0.0139438 -0.02793
internal_weight=424.45 346.917 123.471 223.446 77.5332
internal_count=4000 2716 1159 1557 1284
is_linear=0
shrinkage=0.08


Tree=169
num_leaves=4
num_cat=0
split_feature=22 18 6
split_gain=3.54769 3.42212 3.02566
threshold=0.29131518104868703 5.5000000000000009 0.64104269634616695
decision_type=2 2 2
left_child=-1 2 -2
right_child=1 -3 -4
leaf_value=-0.024623080715051829 0.0054814891008229906 -0.023437787361620097 -0.0095100411434622736
leaf_weight=30.040360607206821 616.8810708206147 28.184939075261354 92.403753858059645
leaf_count=161 3146 155 538
internal_value=0.000760686 0.00205231 0.00332813
internal_weight=767.51 737.47 709.285
internal_count=4000 3839 3684
is_linear=0
shrinkage=0.08


Tree=170
num_leaves=7
num_cat=0
split_feature=8 14 24 5 19 24
split_gain=11.361 10.5214 7.21813 4.53504 1.22141 1.43296
threshold=1216.0926839008907 3265.0942706182309 191.50000000000003 0.30892822771191936 2.5000000000000004 233.50000000000003
decision_type=2 2 2 2 2 2
left_child=1 2 -1 -3 5 -2
right_child=4 3 -4 -5 -6 -7
leaf_value=0.026199621834700149 0 0.00052289870802453553 0.00014744972870041443 -0.030890492746533393 -0.046923916372387804 -0.029229314535520884
leaf_weight=132.99457054212689 17.284440414980054 42.920468353666365 155.31035513989627 57.741992302238941 26.509754286613315 15.674035741481928
leaf_count=747 172 293 1014 831 669 274
internal_value=-5.44508e-05 0.00473001 0.0127233 -0.0167113 -0.0319937 -0.0137347
internal_weight=448.436 388.967 288.305 100.662 59.4682 32.9585
internal_count=4000 2885 1761 1124 1115 446
is_linear=0
shrinkage=0.08


Tree=171
num_leaves=8
num_cat=0
split_feature=28 19 3 13 13 8 8
split_gain=10.5271 6.43278 6.32495 4.50399 4.49469 3.70388 1.23315
threshold=0.51560276171630182 3.5000000000000004 0.5324993254542264 0.08179093571311162 0.24845699663463675 892.60649174352955 1216.0926839008907
decision_type=2 2 2 2 2 2 2
left_child=1 6 5 -3 -4 -2 -1
right_child=2 3 4 -5 -6 -7 -8
leaf_value=-0.039957428254532537 -0.024337670488336918 0.034044678451686371 0.025947397475944191 -0.012548353406499331 0 0.0047991589320308644 -0.0076774187707372536
leaf_weight=59.101526733953506 45.69324876088649 15.98026407510042 114.44251526333392 40.354689118918031 70.33224630355835 51.814826354384422 22.070774352177978
leaf_count=1002 535 112 767 457 577 380 170
internal_value=-0.000994234 -0.0191574 0.00754128 0 0.0163675 -0.00797961 -0.0331926
internal_weight=419.79 137.507 282.283 56.335 184.775 97.5081 81.1723
internal_count=4000 1741 2259 569 1344 915 1172
is_linear=0
shrinkage=0.08


Tree=172
num_leaves=8
num_cat=0
split_feature=22 1 3 13 27 12 12
split_gain=3.20981 3.16547 3.55264 2.80822 2.19793 2.36603 0.689521
threshold=0.47642152245776764 0.026506393684642356 0.015077755554905677 0.1354265520593855 0.85071269842013997 10.500000000000002 12.500000000000002
decision_type=2 2 2 2 2 2 2
left_child=4 2 -2 -3 6 -6 -1
right_child=1 3 -4 -5 5 -7 -8
leaf_value=0 -0.02463177026988252 -0.032517593648050791 0.0073542227938381312 0 -0.020271034896759424 0.0043366509880099534 -0.027211887823219625
leaf_weight=15.50540007278323 18.822329923510551 23.606317233294249 509.48645450733602 36.365740649402142 30.046053621917963 89.643755251541734 39.047322304919362
leaf_count=85 97 163 2600 195 153 475 232
internal_value=0.000735782 0.00370639 0.00585614 -0.0127025 -0.00850957 -0.00120722 -0.021548
internal_weight=762.523 588.281 528.309 59.9721 174.243 119.69 54.5527
internal_count=4000 3055 2697 358 945 628 317
is_linear=0
shrinkage=0.08


Tree=173
num_leaves=7
num_cat=0
split_feature=3 13 8 33 4 6
split_gain=10.7905 6.18732 5.48991 5.2647 3.36144 2.34512
threshold=0.42998431209145799 0.32739571567650477 1199.4723093153709 1.0000000180025095e-35 21.500000000000004 0.40514482623746245
decision_type=2 2 2 2 2 2
left_child=2 5 3 -1 -3 -2
right_child=1 4 -4 -5 -6 -7
leaf_value=0.026219681165816851 0 0.010291547208617564 -0.020409209359445166 0 -0.015577828168093132 -0.034055573135288751
leaf_weight=127.88559503760189 19.931091146543622 70.976419039070606 23.984768061898649 72.959970193915069 53.364528608508408 75.702262205537409
leaf_count=699 176 396 255 492 561 1421
internal_value=-5.1152e-05 -0.0128241 0.0119235 0.0166169 0 -0.0278075
internal_weight=444.805 219.974 224.83 200.846 124.341 95.6334
internal_count=4000 2554 1446 1191 957 1597
is_linear=0
shrinkage=0.08


Tree=174
num_leaves=8
num_cat=0
split_feature=21 31 29 5 1 8 7
split_gain=10.8684 6.41813 6.29043 6.08826 3.85881 3.5807 2.58873
threshold=1.0000000180025095e-35 177343.47328335358 3.3110598358895511 0.69976841553080849 0.020141310449137341 1493.545262784018 -0.00088074236345903121
decision_type=2 2 2 2 2 2 2
left_child=2 6 5 -3 -4 -1 -2
right_child=1 3 4 -5 -6 -7 -8
leaf_value=-0.03532278531470822 0.00032265787319538819 0.0038785428074901282 -0.010202323502235737 0.034499354616099549 0.025065831643934035 0 -0.035103493420188675
leaf_weight=83.479031160008162 15.915712896734474 115.98118366394192 61.905717873945832 73.544102538377047 25.554266061633825 18.559131860733032 20.49310171417892
leaf_count=1327 146 932 605 492 183 125 190
internal_value=-0.000981203 0.0104991 -0.0152426 0.0167365 0 -0.0284442 -0.0177267
internal_weight=415.432 225.934 189.498 189.525 87.46 102.038 36.4088
internal_count=4000 1760 2240 1424 788 1452 336
is_linear=0
shrinkage=0.08


Tree=175
num_leaves=6
num_cat=0
split_feature=29 11 9 9 13
split_gain=2.87201 3.77248 3.31363 2.61704 2.42582
threshold=4.7932534820522799 7.5000000000000009 4.5000000000000009 17.500000000000004 0.40228635758270631
decision_type=2 2 2 2 2
left_child=1 2 -1 -2 -3
right_child=3 4 -4 -5 -6
leaf_value=-0.020750393339107189 0.0017532478204245997 0 0.0054480527733556626 -0.032212944597458597 -0.030038846690887133
leaf_weight=27.98487926274538 15.251827925443648 28.492271572351456 624.72262382693589 28.111007759347558 32.545562122017145
leaf_count=151 76 135 3268 179 191
internal_value=0.000706879 0.00210323 0.00405199 -0.0183375 -0.0160754
internal_weight=757.108 713.745 652.708 43.3628 61.0378
internal_count=4000 3745 3419 255 326
is_linear=0
shrinkage=0.08


Tree=176
num_leaves=8
num_cat=0
split_feature=29 24 28 24 14 18 15
split_gain=10.5205 7.07503 6.9956 4.46991 3.71874 1.16887 0.0426466
threshold=2.9152897815966061 179.50000000000003 0.35712390073130834 265.50000000000006 3696.768669573567 2.5000000000000004 -0.042147734859551762
decision_type=2 2 2 2 2 2 2
left_child=1 5 -3 4 -2 -1 -5
right_child=3 2 -4 6 -6 -7 -8
leaf_value=0.012517522249219227 0.0012675703266918576 0.021909812838851569 -0.013514129546548632 -0.0503179767028724 -0.028219445510923324 0.03600901365349006 -0.020991396126222053
leaf_weight=53.549707476515323 100.82374112121761 51.930953726172447 97.818819636944681 15.7254889938049 31.521516689565033 51.623426962643862 37.863453965168446
leaf_count=347 690 317 866 258 569 285 668
internal_value=-1.51796e-05 0.0102195 -0.000255003 -0.0146219 -0.00533875 0.0258363 -0.0339291
internal_weight=440.857 254.923 149.75 185.934 132.345 105.173 53.5889
internal_count=4000 1815 1183 2185 1259 632 926
is_linear=0
shrinkage=0.08


Tree=177
num_leaves=6
num_cat=0
split_feature=21 14 9 28 30
split_gain=9.81274 6.62836 5.92591 4.42553 3.08852
threshold=1.0000000180025095e-35 5834.5376311241353 12.500000000000002 0.31949977016453973 99.500000000000014
decision_type=2 2 2 2 2
left_child=1 4 -2 -4 -1
right_child=2 -3 3 -5 -6
leaf_value=-0.024902160459489644 -0.026891494775808857 0.019106998485474331 -0.018314141298569193 0.01862353743450354 0.0051790388707139961
leaf_weight=143.80496393609792 20.061427493579686 26.039526831358671 17.668122774921358 186.53829819057137 17.157857716083527
leaf_count=1941 288 183 168 1304 116
internal_value=-0.000833528 -0.0145077 0.0100815 0.0146296 -0.0209277
internal_weight=411.27 187.002 224.268 204.206 160.963
internal_count=4000 2240 1760 1472 2057
is_linear=0
shrinkage=0.08


Tree=178
num_leaves=7
num_cat=0
split_feature=15 6 18 27 29 3
split_gain=3.38988 4.82032 4.03343 3.65118 2.29395 1.94592
threshold=0.082678990977826397 0.48402072539198365 5.5000000000000009 0.77396728436679385 3.2777575857286481 0.5296835743700562
decision_type=2 2 2 2 2 2
left_child=2 4 3 -1 -2 -3
right_child=1 5 -4 -5 -6 -7
leaf_value=-0.011180357551953315 -0.043150790232709055 -0.01016393262403022 -0.026719022844761235 0.0067147793930265858 0 0.018823424849008518
leaf_weight=76.850055977702141 30.240396153181791 25.175318468362093 24.225987609475851 555.32110825181007 15.045271523296831 24.62357615865767
leaf_count=445 151 119 137 2938 76 134
internal_value=0.000652821 -0.0130118 0.00286443 0.0043079 -0.0312692 0.00215153
internal_weight=751.482 95.0846 656.397 632.171 45.2857 49.7989
internal_count=4000 480 3520 3383 227 253
is_linear=0
shrinkage=0.08


Tree=179
num_leaves=8
num_cat=0
split_feature=30 28 24 29 8 28 5
split_gain=9.9839 8.93398 8.51895 4.14845 3.74817 1.53388 0.743161
threshold=42.500000000000007 0.36021194504841464 254.50000000000003 3.0146745059127777 486.59804305561903 0.75081990425397749 0.37201993540842854
decision_type=2 2 2 2 2 2 2
left_child=1 3 -3 -1 6 -6 -2
right_child=4 2 -4 -5 5 -7 -8
leaf_value=0.031196109861767497 0.011439322496715938 0.005723797061972704 -0.028846380831493063 0 -0.04205098484750433 -0.0033866231556241811 -0.011468476325087962
leaf_weight=92.457652138546109 15.063729406334462 151.59190689120442 60.174508453346789 40.593779429793358 45.180080357939005 16.552135347388685 15.189904135651885
leaf_count=510 111 954 518 240 880 574 213
internal_value=-6.19271e-05 0.00594269 -0.00380648 0.0220834 -0.0233109 -0.0341752 0
internal_weight=436.804 344.818 211.766 133.051 91.9858 61.7322 30.2536
internal_count=4000 2222 1472 750 1778 1454 324
is_linear=0
shrinkage=0.08


Tree=180
num_leaves=7
num_cat=0
split_feature=13 10 16 18 1 4
split_gain=9.19541 7.08478 5.93311 4.84433 3.68324 1.4488
threshold=0.29460892223176854 1.3153926811795333 29.500000000000004 1.0000000180025095e-35 -0.0061819005442505827 28.500000000000004
decision_type=2 2 2 2 2 2
left_child=1 5 -2 -4 -3 -1
right_child=2 4 3 -5 -6 -7
leaf_value=-0.036700735643960175 -0.042085196868473951 -0.014275539599942518 0.014854991446047834 -0.019567925190624873 0.016610474143474278 0
leaf_weight=19.409159353934228 41.35301995370537 21.425639123655856 38.781885352917016 60.184898059349507 211.10707857366651 15.122968746349214
leaf_count=226 716 205 331 917 1496 109
internal_value=-0.00068356 0.00770856 -0.0173202 -0.00486166 0.0131096 -0.0236043
internal_weight=407.385 267.065 140.32 98.9668 232.533 34.5321
internal_count=4000 2036 1964 1248 1701 335
is_linear=0
shrinkage=0.08


Tree=181
num_leaves=4
num_cat=0
split_feature=22 28 6
split_gain=2.99592 2.87801 2.84388
threshold=0.29131518104868703 0.010364481472115441 0.64104269634616695
decision_type=2 2 2
left_child=-1 -2 -3
right_child=1 2 -4
leaf_value=-0.022983876266630579 -0.025221128466692919 0.0050062947248873599 -0.009747818890749339
leaf_weight=29.264820668846369 20.48960930109024 606.53200243972242 89.680784173309803
leaf_count=161 102 3198 539
internal_value=0.000606243 0.00182802 0.00290049
internal_weight=745.967 716.702 696.213
internal_count=4000 3839 3737
is_linear=0
shrinkage=0.08


Tree=182
num_leaves=7
num_cat=0
split_feature=21 5 10 28 24 15
split_gain=10.5574 7.64583 6.30625 3.9183 3.56126 3.42851
threshold=1.0000000180025095e-35 0.54423815023904287 1.970657762808359 0.20563195235237341 189.50000000000003 0.034948202973362118
decision_type=2 2 2 2 2 2
left_child=1 2 -1 -2 -3 -5
right_child=3 4 -4 5 -6 -7
leaf_value=0.030314493312467685 0.011724405616290845 0.0053002809455253708 0.0027492670138424551 -0.032983454066002824 -0.030086944084484157 -0.0005300861567229761
leaf_weight=97.079469071701169 16.736804833635688 22.181939070113003 138.03654141537845 81.884086027741432 38.829187684226781 37.993268495425582
leaf_count=574 114 192 935 1174 539 472
internal_value=-0.000122856 0.00807872 0.0148734 -0.0185518 -0.015701 -0.0239385
internal_weight=432.741 296.127 235.116 136.614 61.0111 119.877
internal_count=4000 2240 1509 1760 731 1646
is_linear=0
shrinkage=0.08


Tree=183
num_leaves=7
num_cat=0
split_feature=11 31 3 6 22 6
split_gain=8.97127 6.72891 6.48312 6.13237 2.78096 0.641729
threshold=4.5000000000000009 2437032.3867379418 0.67032816786177973 0.62040243116613381 0.76650145199761499 0.55066975220132697
decision_type=2 2 2 2 2 2
left_child=1 2 -1 -3 5 -2
right_child=4 3 -4 -5 -6 -7
leaf_value=-0.013665396309398637 -0.042652409377186791 0.0049237540792724391 0.012486734495097478 0.05006571136371079 0 -0.010303504605730094
leaf_weight=138.28551919851452 35.516117658466101 61.371464224532247 100.88153836410493 31.586187378503382 16.487399451900274 19.891972437500954
leaf_count=1306 763 450 749 211 283 238
internal_value=-0.000716588 0.00458023 -0.00212077 0.0225988 -0.0259911 -0.0342191
internal_weight=404.02 332.125 239.167 92.9577 71.8955 55.4081
internal_count=4000 2716 2055 661 1284 1001
is_linear=0
shrinkage=0.08


Tree=184
num_leaves=8
num_cat=0
split_feature=15 17 10 23 14 31 13
split_gain=3.20031 4.15547 4.41115 3.42151 2.67674 2.95356 1.70245
threshold=0.0030391406079487014 8.5000000000000018 -5.1917161017870725 0.47482808595535819 765.33313046402998 2835312.4497399745 0.44558659006902446
decision_type=2 2 2 2 2 2 2
left_child=1 2 -1 -3 6 -6 -2
right_child=4 3 -4 -5 5 -7 -8
leaf_value=-0.024551774023755052 0 0.010244516746493773 0.012942466233591616 -0.021113029521324593 0.00066413818568052791 -0.021049647002311055 -0.04165383447811765
leaf_weight=16.803503725677729 15.381280697882174 27.986619967967272 286.85425860062242 54.977001806721091 280.67932087741792 42.252163153141737 16.960339965298772
leaf_count=93 74 164 1478 353 1492 256 90
internal_value=0.000588737 0.00574555 0.0102564 -0.0091507 -0.00468928 -0.0019763 -0.0259157
internal_weight=741.894 386.621 303.658 82.9636 355.273 322.931 32.3416
internal_count=4000 2088 1571 517 1912 1748 164
is_linear=0
shrinkage=0.08


Tree=185
num_leaves=7
num_cat=0
split_feature=21 30 30 14 16 14
split_gain=9.56509 8.07246 5.9441 5.27124 2.99776 2.02348
threshold=1.0000000180025095e-35 42.500000000000007 -2.4999999999999996 629.88163575515466 27.500000000000004 1300.4633606993557
decision_type=2 2 2 2 2 2
left_child=1 3 -2 -1 -3 -4
right_child=2 4 5 -5 -6 -7
leaf_value=0.042139181262868662 0.014429607300434725 0.0025803802149542937 0 0.0082216972584219436 -0.032010419027407311 -0.030669362656696834
leaf_weight=35.756661020219326 23.477053891867399 16.805821979884058 20.169002608396113 206.72954101208597 35.317479001823813 91.503665993455797
leaf_count=198 134 184 122 1282 576 1504
internal_value=-6.2115e-05 0.00773515 -0.0177267 0.0141658 -0.0191471 -0.025734
internal_weight=429.759 294.61 135.15 242.486 52.1233 111.673
internal_count=4000 2240 1760 1480 760 1626
is_linear=0
shrinkage=0.08


Tree=186
num_leaves=8
num_cat=0
split_feature=5 3 8 31 1 3 24
split_gain=8.39076 5.931 5.07074 4.7929 3.49738 2.41466 2.41258
threshold=0.69665810975469056 0.5324993254542264 1480.2962322383262 1735906.2179480779 0.0058476480466622951 0.75980006547599233 246.50000000000003
decision_type=2 2 2 2 2 2 2
left_child=1 2 -1 5 -3 -2 -5
right_child=3 4 -4 6 -6 -7 -8
leaf_value=-0.033273754764946754 -0.008613584224781104 -0.015179624285507601 0.0060392764901371467 0.0051510366871322343 0.0088516540558491851 0.02268266388806198 0.042897794204415307
leaf_weight=80.703336285427213 52.243284294381738 57.3891781414859 20.523389412090182 26.896164177916944 105.08016040176153 19.070077296346426 38.36071365326643
leaf_count=1455 393 666 125 179 768 127 287
internal_value=-0.000719157 -0.00931044 -0.0242074 0.0148531 0 0 0.0300084
internal_weight=400.266 263.696 101.227 136.57 162.469 71.3134 65.2569
internal_count=4000 3014 1580 986 1434 520 466
is_linear=0
shrinkage=0.08


Tree=187
num_leaves=8
num_cat=0
split_feature=15 22 9 4 33 31 19
split_gain=2.91624 3.51502 4.22987 3.36224 2.62494 4.26016 3.0848
threshold=0.0030391406079487014 0.66879384628140481 7.5000000000000009 34.500000000000007 1.0000000180025095e-35 209840.25261062488 3.5000000000000004
decision_type=2 2 2 2 2 2 2
left_child=1 3 -3 -1 6 -6 -2
right_child=4 2 -4 -5 5 -7 -8
leaf_value=0.0038800735878336107 -0.019621811787508214 -0.018410062408670266 0.020092188996448521 -0.020262579466082658 0.021928876232150354 -0.0048713241411116135 0.0031016300756448257
leaf_weight=193.39077265933156 109.12363512068987 15.473730955272911 132.94838277995586 42.221302922815084 46.410266730934381 153.22381648980081 44.359845075756311
leaf_count=998 567 85 734 271 239 875 231
internal_value=0.000522092 0.00547008 0.0150004 -0.000143704 -0.00452289 0.000999313 -0.0123539
internal_weight=737.152 384.034 148.422 235.612 353.118 199.634 153.483
internal_count=4000 2088 819 1269 1912 1114 798
is_linear=0
shrinkage=0.08


Tree=188
num_leaves=7
num_cat=0
split_feature=18 1 24 15 22 16
split_gain=9.10735 8.49838 6.08775 3.96714 1.55188 0.524462
threshold=1.0000000180025095e-35 -0.0039974311308663682 192.50000000000003 0.0055051535666410349 0.45909570805322919 38.500000000000007
decision_type=2 2 2 2 2 2
left_child=4 3 -3 -2 -1 -6
right_child=1 2 -4 -5 5 -7
leaf_value=0 0.0053533463725235443 0.01035272268942683 -0.018570212448994327 0.032637611192108514 -0.012862269079728695 -0.037694269712942798
leaf_weight=16.77378685772419 86.276164385490119 75.078135551419109 103.08157568797469 74.469494307413697 35.696175809949636 34.923501668963581
leaf_count=297 528 535 1160 428 446 606
internal_value=0 0.00574635 -0.00574982 0.0190927 -0.0228017 -0.027808
internal_weight=426.299 338.905 178.16 160.746 87.3935 70.6197
internal_count=4000 2651 1695 956 1349 1052
is_linear=0
shrinkage=0.08


Tree=189
num_leaves=8
num_cat=0
split_feature=13 29 10 5 6 4 4
split_gain=8.0466 7.07371 6.28794 3.89773 3.59355 1.85747 1.0786
threshold=0.29460892223176854 3.8099998144929059 1.3153926811795333 0.46045972717888201 0.62714128633486044 31.500000000000004 26.500000000000004
decision_type=2 2 2 2 2 2 2
left_child=2 4 6 -4 -2 -3 -1
right_child=1 5 3 -5 -6 -7 -8
leaf_value=-0.036417827339931867 -0.03502987566646297 -0.00041912773565625227 -0.00084111024846621446 0.019813199926841166 0 0.02962445708795371 -2.9383208458801032e-05
leaf_weight=16.282236157916486 79.752581763546914 21.454579098150134 76.677263943478465 150.96460698079318 18.684462711680681 15.54554723203182 16.979156978428364
leaf_count=207 1427 271 614 1087 161 105 128
internal_value=-0.000608041 -0.016495 0.00727808 0.0124154 -0.0278269 0.0104788 -0.0226909
internal_weight=396.34 135.437 260.903 227.642 98.437 37.0001 33.2614
internal_count=4000 1964 2036 1701 1588 376 335
is_linear=0
shrinkage=0.08


Tree=190
num_leaves=6
num_cat=0
split_feature=29 30 30 11 23
split_gain=2.50755 3.72721 3.10672 2.67133 2.26612
threshold=4.7932534820522799 63.500000000000007 -12.499999999999998 3.5000000000000004 0.48378986986123801
decision_type=2 2 2 2 2
left_child=2 -2 3 -1 -4
right_child=1 -3 4 -5 -6
leaf_value=0.0049019692610575653 0.00019966273183411962 -0.041334411167602773 0.0094131025783827111 -0.027387647996301948 -1.2480832066515895e-05
leaf_weight=17.002259660512209 22.582455486059189 19.108601169660687 252.79054279997945 37.84286567568779 382.80499376915395
leaf_count=74 108 147 1331 211 2129
internal_value=0.000481124 -0.0176487 0.00182053 -0.0155681 0.00357498
internal_weight=732.132 41.6911 690.441 54.8451 635.596
internal_count=4000 255 3745 285 3460
is_linear=0
shrinkage=0.08


Tree=191
num_leaves=7
num_cat=0
split_feature=21 30 30 2 16 28
split_gain=8.54819 7.12425 5.35 4.89074 2.79952 2.46294
threshold=1.0000000180025095e-35 42.500000000000007 -2.4999999999999996 0.35792697045880911 27.500000000000004 0.25997957463838822
decision_type=2 2 2 2 2 2
left_child=1 3 -2 -1 -3 -4
right_child=2 4 5 -5 -6 -7
leaf_value=-0.0089207084218251471 0.013483001732500768 0.0026572189504191117 0 0.018899808538626005 -0.030896254483338687 -0.03008257937624537
leaf_weight=42.267182507552207 23.317729000002146 16.66442541545257 19.260201795492321 197.72390091978014 34.150440973695368 89.640974387526512
leaf_count=302 134 184 145 1178 576 1481
internal_value=0 0.00740036 -0.0168996 0.0134566 -0.018128 -0.0246645
internal_weight=423.025 290.806 132.219 239.991 50.8149 108.901
internal_count=4000 2240 1760 1480 760 1626
is_linear=0
shrinkage=0.08


Tree=192
num_leaves=7
num_cat=0
split_feature=21 14 13 18 24 30
split_gain=7.75371 5.4822 4.37886 2.76964 1.89667 1.4633
threshold=1.0000000180025095e-35 5834.5376311241353 0.34071369796850065 -1.0000000180025095e-35 135.50000000000003 54.500000000000007
decision_type=2 2 2 2 2 2
left_child=1 3 4 -1 -2 -4
right_child=2 -3 5 -5 -6 -7
leaf_value=0.0033251177507562114 -0.0049678953940842157 0.017708804867899688 -0.022174979828206865 -0.023584494523062965 0.01860445189481524 0.00048746712057688534
leaf_weight=19.914723469875753 15.299719526432453 24.93494626134634 26.285632958635688 132.1650918032974 150.32363411318511 23.61315927002579
leaf_count=162 123 183 411 1895 1075 151
internal_value=-0.000636492 -0.013204 0.00917598 -0.0192908 0.0156656 -0.0097627
internal_weight=392.537 177.015 215.522 152.08 165.623 49.8988
internal_count=4000 2240 1760 2057 1198 562
is_linear=0
shrinkage=0.08


Tree=193
num_leaves=7
num_cat=0
split_feature=23 9 9 3 2 17
split_gain=2.17098 3.74787 2.56087 3.10991 2.26067 2.2581
threshold=0.49849869057952151 4.5000000000000009 19.500000000000004 0.33529689404004909 0.093645332154734057 7.5000000000000009
decision_type=2 2 2 2 2 2
left_child=1 -1 3 -2 -3 -4
right_child=2 4 5 -5 -6 -7
leaf_value=-0.027659282151902637 -0.012211705512736138 -0.0091932510800083241 -0.00090136504208447479 0.0074829554516177947 0.010677597697180097 -0.021132583583647016
leaf_weight=15.975990012288092 66.242355979979038 33.54510847106576 91.00438772700727 179.5598181951791 267.20997229032218 73.65705013088882
leaf_count=83 357 200 492 970 1413 485
internal_value=0.000493278 0.00558082 -0.00315427 0.00160979 0.00799731 -0.0108832
internal_weight=727.195 316.731 410.464 245.802 300.755 164.661
internal_count=4000 1696 2304 1327 1613 977
is_linear=0
shrinkage=0.08


Tree=194
num_leaves=7
num_cat=0
split_feature=10 26 6 5 18 6
split_gain=8.80692 6.35415 5.12365 4.20233 2.99294 0.346522
threshold=10.689364254896448 2.6979034701418652 0.58060655280542395 0.73809785645369208 2.5000000000000004 0.43774371451695976
decision_type=2 2 2 2 2 2
left_child=1 2 -1 -3 5 -2
right_child=4 3 -4 -5 -6 -7
leaf_value=0.024196559823352361 -0.0080726615916007806 9.9223224890732944e-05 -0.018780910799626599 -0.035688332582799472 0 -0.040502572209365893
leaf_weight=123.95731164794415 15.035961975809185 184.72476118896157 15.174965007230638 19.847219747491181 22.90706821763888 37.886204115580767
leaf_count=721 173 1541 93 354 138 980
internal_value=0 0.00523165 0.0183673 -0.00326033 -0.0243852 -0.0343619
internal_weight=419.533 343.704 139.132 204.572 75.8292 52.9222
internal_count=4000 2709 814 1895 1291 1153
is_linear=0
shrinkage=0.08


Tree=195
num_leaves=7
num_cat=0
split_feature=11 2 14 22 15 1
split_gain=7.44361 5.12069 4.9808 2.74064 1.03666 0.150203
threshold=4.5000000000000009 0.6029375084218167 1921.8476347675035 0.76650145199761499 -0.0009028254525461787 0.01628581719842126
decision_type=2 2 2 2 2 2
left_child=1 2 -1 5 -3 -2
right_child=3 4 -4 -5 -6 -7
leaf_value=-0.022857625122362699 -0.038530378859939388 -0.028008282280171267 0.012880296950642068 0 -0.0011718605265896701 -0.0084320569375774465
leaf_weight=22.882785949390382 36.929796315496787 25.960845077876002 242.47503679897636 15.766696112230418 29.249092907644808 15.104345399886368
leaf_count=299 870 322 1761 283 334 131
internal_value=-0.000624791 0.00420696 0.00913024 -0.0243749 -0.0166455 -0.0329099
internal_weight=388.369 320.568 265.358 67.8008 55.2099 52.0341
internal_count=4000 2716 2060 1284 656 1001
is_linear=0
shrinkage=0.08


Tree=196
num_leaves=4
num_cat=0
split_feature=22 28 1
split_gain=2.61766 2.37284 2.3744
threshold=0.29131518104868703 0.010364481472115441 0.026506393684642356
decision_type=2 2 2
left_child=-1 -2 -3
right_child=1 2 -4
leaf_value=-0.021902676240909386 -0.023258090110576047 0.0044213840761874188 -0.010531756067596119
leaf_weight=28.322336506098509 19.755696017295122 604.09180466458201 69.953515972942114
leaf_count=161 102 3284 453
internal_value=0.000469659 0.00164552 0.00265249
internal_weight=722.123 693.801 674.045
internal_count=4000 3839 3737
is_linear=0
shrinkage=0.08


Tree=197
num_leaves=5
num_cat=0
split_feature=8 10 33 13
split_gain=8.55608 7.34225 5.49589 2.77575
threshold=1362.1057882378238 10.689364254896448 1.0000000180025095e-35 0.46106942562547132
decision_type=2 2 2 2
left_child=1 2 -1 -3
right_child=-2 3 -4 -5
leaf_value=0.0172455353625823 -0.035823722793403422 -0.030480790376301282 -0.0036035379330159739 0
leaf_weight=191.87656021956354 36.190699332160875 45.217580224853009 123.0624499488622 20.057293754070997
leaf_count=1212 900 694 1057 137
internal_value=0 0.00341303 0.0087642 -0.0198984
internal_weight=416.405 380.214 314.939 65.2749
internal_count=4000 3100 2269 831
is_linear=0
shrinkage=0.08


Tree=198
num_leaves=7
num_cat=0
split_feature=28 13 13 10 4 28
split_gain=7.85262 4.32521 4.20032 3.6726 1.83896 0.826476
threshold=0.51560276171630182 0.08179093571311162 0.52692795352396848 1.1556554023600272 35.500000000000007 0.38611829900533712
decision_type=2 2 2 2 2 2
left_child=1 5 3 -2 -3 -1
right_child=2 4 -4 -5 -6 -7
leaf_value=-0.0018826871982760085 -0.013801896559528728 -0.03067946365796909 -0.024745359432644071 0.014085625272354263 0 0.018482324552177031
leaf_weight=15.328428396023812 28.42991721117869 78.322643506107852 19.702156974934042 213.07724611740559 15.165773723274468 15.164694255217908
leaf_count=131 293 1381 314 1652 113 116
internal_value=-0.000697466 -0.0173156 0.00684313 0.0101829 -0.0259097 0.00541064
internal_weight=385.191 123.982 261.209 241.507 93.4884 30.4931
internal_count=4000 1741 2259 1945 1494 247
is_linear=0
shrinkage=0.08


Tree=199
num_leaves=7
num_cat=0
split_feature=22 3 8 10 8 8
split_gain=2.42812 2.77729 3.9484 1.28901 1.13213 1.32431
threshold=0.3941567199108299 0.1134813961058501 -220.42648528049446 4.4734290889824235 308.28549379455984 638.13233345997935
decision_type=2 2 2 2 2 2
left_child=4 3 -3 -2 -1 -6
right_child=1 2 -4 -5 5 -7
leaf_value=5.3535589310583352e-05 -0.025341817691260159 -0.022378098301349538 0.0057415267750714517 0 -0.037217152496811005 -0.0064000655494658755
leaf_weight=18.531970128417015 28.113302551209927 29.553563836961985 559.8785684723407 17.973202582448721 15.610378030687569 48.761986412107944
leaf_count=106 152 144 3136 87 77 298
internal_value=0.000501354 0.00235614 0.0040229 -0.0154595 -0.0119057 -0.0169789
internal_weight=718.423 635.519 589.432 46.0865 82.9043 64.3724
internal_count=4000 3519 3280 239 481 375
is_linear=0
shrinkage=0.08


Tree=200
num_leaves=7
num_cat=0
split_feature=8 10 32 13 0 1
split_gain=7.92494 7.43754 5.56689 4.95607 2.64468 0.284104
threshold=1216.0926839008907 4.0347323970010658 8.5000000000000018 0.33286520501748479 43394.957973165139 -0.00052841558661098024
decision_type=2 2 2 2 2 2
left_child=1 2 -1 -3 -2 -6
right_child=4 3 -4 -5 5 -7
leaf_value=0.022700486421730743 0 -0.022491868664142586 -0.0094338654105439804 0.0033176457001619893 -0.012942018994936955 -0.050490141809067107
leaf_weight=145.60980303213 15.291142706992103 75.191814681980759 37.090103550814092 104.27756399428472 15.597641729284076 20.697443130426109
leaf_count=872 295 952 346 715 144 676
internal_value=0 0.00403248 0.0154836 -0.00703006 -0.0286423 -0.0396278
internal_weight=413.756 362.169 182.7 179.469 51.5862 36.2951
internal_count=4000 2885 1218 1667 1115 820
is_linear=0
shrinkage=0.08


Tree=201
num_leaves=7
num_cat=0
split_feature=28 6 21 31 2 29
split_gain=7.06694 4.55285 3.97937 2.79091 2.71879 2.94581
threshold=0.51560276171630182 0.62935655796817735 1.0000000180025095e-35 1330975.3861004533 0.60093063877481201 2.6563816233899367
decision_type=2 2 2 2 2 2
left_child=4 2 -2 -3 5 -1
right_child=1 3 -4 -5 -6 -7
leaf_value=-0.027555555806626601 -0.012066731526128239 0 0.010388324342415371 0.038660825642413181 -0.036681423256011363 0.00095863183087162979
leaf_weight=28.200163597241044 87.256894697900862 25.976446396671236 111.21711806859821 35.913101783022285 31.717841142555699 62.397112406324595
leaf_count=414 939 190 862 268 756 571
internal_value=-0.000611948 0.00651013 0 0.024921 -0.0165227 -0.00723361
internal_weight=382.679 260.364 198.474 61.8895 122.315 90.5973
internal_count=4000 2259 1801 458 1741 985
is_linear=0
shrinkage=0.08


Tree=202
num_leaves=6
num_cat=0
split_feature=29 11 14 13 19
split_gain=2.17025 2.61208 2.51545 1.93902 1.20811
threshold=4.7932534820522799 7.5000000000000009 479.40343499698002 0.40228635758270631 3.5000000000000004
decision_type=2 2 2 2 2
left_child=1 2 -1 -3 -2
right_child=4 3 -4 -5 -6
leaf_value=-0.014800253918972169 0 0 0.0049800233532958614 -0.026748758640212329 -0.027261223403501102
leaf_weight=38.872238788753748 16.871578652411699 27.035257332026958 578.17251094803214 30.248086556792259 23.455638319253922
leaf_count=203 100 135 3216 191 155
internal_value=0.0005119 0.00178097 0.0034748 -0.013739 -0.016593
internal_weight=714.655 674.328 617.045 57.2833 40.3272
internal_count=4000 3745 3419 326 255
is_linear=0
shrinkage=0.08


Tree=203
num_leaves=7
num_cat=0
split_feature=18 13 24 19 28 30
split_gain=7.46639 5.65402 7.48913 4.89603 3.68473 1.11037
threshold=1.0000000180025095e-35 0.32739571567650477 153.50000000000003 3.5000000000000004 0.31949977016453973 6.5000000000000009
decision_type=2 2 2 2 2 2
left_child=4 2 -2 -3 -1 -6
right_child=1 3 -4 -5 5 -7
leaf_value=0.0045172118427506715 0.023897189328361407 0.020522775928001655 -0.019977896917912141 -0.0058465872010938693 -0.0014187798121894596 -0.03639465142130266
leaf_weight=18.454400801099837 29.226824319455773 155.06327196117491 90.496958505362272 52.722728617489338 15.211702623404561 49.282284392975271
leaf_count=152 209 972 1072 398 105 1092
internal_value=-2.74577e-05 0.00514468 -0.00796701 0.0132746 -0.0213119 -0.0303528
internal_weight=410.458 327.51 119.724 207.786 82.9484 64.494
internal_count=4000 2651 1281 1370 1349 1197
is_linear=0
shrinkage=0.08


Tree=204
num_leaves=6
num_cat=0
split_feature=4 13 27 24 0
split_gain=6.71859 4.69396 5.36087 2.87978 0.26658
threshold=19.500000000000004 0.29167829071261925 1.1219839207480833 233.50000000000003 85376.75625503216
decision_type=2 2 2 2 2
left_child=4 2 -2 -3 -1
right_child=1 3 -4 -5 -6
leaf_value=-0.032487674913704821 0.01538272504566064 -0.023875805878487394 -0.02028459105113219 0.00044205738516367015 -0.006364022512106853
leaf_weight=34.633731914451346 194.61606007535011 46.644422371638939 25.92274022102356 59.33694245480001 18.770092628430575
leaf_count=818 1465 564 202 575 376
internal_value=-0.000485042 0.00356714 0.0104375 -0.00952222 -0.0262602
internal_weight=379.924 326.52 220.539 105.981 53.4038
internal_count=4000 2806 1667 1139 1194
is_linear=0
shrinkage=0.08


Tree=205
num_leaves=8
num_cat=0
split_feature=15 1 11 4 30 26 12
split_gain=2.69883 2.94317 2.58211 2.64969 1.96484 1.35376 0.334842
threshold=0.082678990977826397 -0.00088743063167387676 -1.0000000180025095e-35 8.5000000000000018 70.500000000000014 2.8283376639726021 11.500000000000002
decision_type=2 2 2 2 2 2 2
left_child=2 6 4 -4 -1 -3 -2
right_child=1 5 3 -5 -6 -7 -8
leaf_value=-0.033602734349051498 -0.040569228585960161 0.017231867961308441 -0.021938302962541983 0.0052111947960717291 0 -0.0083742856572462648 -0.0096752518965940067
leaf_weight=18.007168259471655 16.539711136370897 17.174404010176659 19.609937349334359 565.63929689116776 17.030063718557358 35.123202480375767 21.207769453525543
leaf_count=86 90 84 130 3181 123 196 110
internal_value=0.000473313 -0.0120215 0.0025288 0.00399026 -0.0171174 0 -0.0281472
internal_weight=710.332 90.0451 620.286 585.249 35.0372 52.2976 37.7475
internal_count=4000 480 3520 3311 209 280 200
is_linear=0
shrinkage=0.08


Tree=206
num_leaves=7
num_cat=0
split_feature=3 30 32 28 28 24
split_gain=7.19177 7.78494 3.95125 4.21827 3.06071 3.05138
threshold=0.42998431209145799 -3.4999999999999996 9.5000000000000018 0.47967351642713851 0.47416770496074129 179.50000000000003
decision_type=2 2 2 2 2 2
left_child=2 4 3 -1 -2 -3
right_child=1 5 -4 -5 -6 -7
leaf_value=0.024545061449441758 0.037600559963965823 -0.001853676070520914 -0.017670537778274004 0 -0.00070923280410536439 -0.02736788899280548
leaf_weight=105.05703045241535 21.128751788288355 57.287290952168405 22.890594390686601 80.153692432679236 16.989738468080759 103.46299485280178
leaf_count=615 109 545 334 497 107 1793
internal_value=-7.77973e-05 -0.0111575 0.00994996 0.0142285 0.0188012 -0.0192086
internal_weight=406.97 198.869 208.101 185.211 38.1185 160.75
internal_count=4000 2554 1446 1112 216 2338
is_linear=0
shrinkage=0.08


Tree=207
num_leaves=6
num_cat=0
split_feature=1 18 2 22 32
split_gain=6.35194 6.10863 4.03485 3.8134 0.0833266
threshold=-0.0061819005442505827 1.5000000000000002 0.56402527940902802 0.66017622578958635 8.5000000000000018
decision_type=2 2 2 2 2
left_child=4 2 -2 -3 -1
right_child=1 3 -4 -5 -6
leaf_value=-0.037277738843060938 0.015003818774838043 0 -0.0092819566227223642 -0.033848468446399042 -0.011192573708485197
leaf_weight=21.920488908188418 199.35553463082761 51.211761135607958 47.201796828303486 34.328335731755942 23.414456800557673
leaf_count=785 1501 591 490 426 207
internal_value=-0.000445673 0.00314857 0.00981792 -0.0144009 -0.0278189
internal_weight=377.432 332.097 246.557 85.5401 45.3349
internal_count=4000 3008 1991 1017 992
is_linear=0
shrinkage=0.08


Tree=208
num_leaves=6
num_cat=0
split_feature=29 14 11 6 32
split_gain=1.92522 2.30351 2.8355 2.57583 1.75899
threshold=4.7932534820522799 479.40343499698002 8.5000000000000018 0.49750159582429682 10.500000000000002
decision_type=2 2 2 2 2
left_child=1 3 -3 -1 -2
right_child=4 2 -4 -5 -6
leaf_value=-0.029118409794709137 0 0.0044892616576943335 -0.020145900530234344 0.0039551847439797403 -0.03392228889184206
leaf_weight=28.450918877497315 23.681135261431336 593.38179275579751 27.13011248037219 17.307323953136802 16.003708634525537
leaf_count=154 128 3337 159 95 127
internal_value=0.000453979 0.00166575 0.00312795 -0.0146741 -0.0157663
internal_weight=705.955 666.27 620.512 45.7582 39.6848
internal_count=4000 3745 3496 249 255
is_linear=0
shrinkage=0.08


Tree=209
num_leaves=6
num_cat=0
split_feature=14 8 33 22 8
split_gain=7.07222 6.3187 4.59096 2.16803 2.10243
threshold=3996.320543802301 1136.7456214630658 1.0000000180025095e-35 0.69864808172610537 299.38429245932315
decision_type=2 2 2 2 2
left_child=1 2 -1 -3 -2
right_child=4 3 -4 -5 -6
leaf_value=0.016701376244938948 0 -0.032632863181258701 -0.0028625234848208285 0 -0.033734534967090439
leaf_weight=181.43676466494799 16.08741109026596 31.836037900764495 114.54583709547296 15.840716472361235 43.49420097284019
leaf_count=1128 167 341 912 177 1275
internal_value=-7.95154e-05 0.00409355 0.008776 -0.0214063 -0.0251091
internal_weight=403.241 343.659 295.983 47.6768 59.5816
internal_count=4000 2558 2040 518 1442
is_linear=0
shrinkage=0.08


Tree=210
num_leaves=8
num_cat=0
split_feature=5 2 1 2 32 6 7
split_gain=6.43978 4.66756 4.07619 3.3359 2.58521 1.72095 0.318208
threshold=0.69665810975469056 0.48808084372945043 -0.0039974311308663682 0.13400303764282259 11.500000000000002 0.59399333721894221 1.0000000180025095e-35
decision_type=2 2 2 2 2 2 2
left_child=1 2 -1 6 -5 -3 -2
right_child=3 5 -4 4 -6 -7 -8
leaf_value=-0.030414520832698827 0.0454662991813529 -0.028776161245293034 0.0051938135692114664 -0.0045594082762356195 0.022310387586848734 0 0.012152021611064861
leaf_weight=21.109630615450442 17.819275381043553 67.118197116069496 137.3168912185356 61.260354438330978 29.69843403622508 20.351688329596072 19.980130380950868
leaf_count=344 141 1342 1096 478 227 232 140
internal_value=-0.000437621 -0.00830717 0 0.0135275 0.00336877 -0.0228045 0.0329865
internal_weight=374.655 245.896 158.427 128.758 90.9588 87.4699 37.7994
internal_count=4000 3014 1440 986 705 1574 281
is_linear=0
shrinkage=0.08


Tree=211
num_leaves=8
num_cat=0
split_feature=15 17 2 31 12 29 30
split_gain=2.5275 3.32326 4.55542 4.1849 2.46521 6.85872 2.0947
threshold=0.0030391406079487014 8.5000000000000018 0.46280551375839957 1818272.2724154512 11.500000000000002 3.7939944563626127 61.500000000000007
decision_type=2 2 2 2 2 2 2
left_child=1 3 -3 -1 5 -2 -6
right_child=4 2 -4 -5 6 -7 -8
leaf_value=0.0029417412312820702 -0.024951012232538042 -0.021706426488187748 0.017018850236421343 0.025641072153348633 0.005270355879069189 0.02275795685229607 -0.011003981731281568
leaf_weight=213.91481768153608 84.068361572921276 54.738817336037755 23.507647134363651 73.798030083999038 162.75044413842261 19.719497188925743 69.691912844777107
leaf_count=1157 466 378 139 414 853 107 486
internal_value=0.000486942 0.0052177 -0.00839635 0.00938139 -0.00430896 -0.014378 0
internal_weight=702.19 365.959 78.2465 287.713 336.23 103.788 232.442
internal_count=4000 2088 517 1571 1912 573 1339
is_linear=0
shrinkage=0.08


Tree=212
num_leaves=8
num_cat=0
split_feature=29 24 12 24 11 21 15
split_gain=6.83501 4.65399 5.21886 3.19556 2.9302 1.30512 0.0997934
threshold=2.9152897815966061 179.50000000000003 13.500000000000002 265.50000000000006 2.5000000000000004 1.0000000180025095e-35 0.0030391406079487014
decision_type=2 2 2 2 2 2 2
left_child=1 5 -3 4 -2 -1 -5
right_child=3 2 -4 6 -6 -7 -8
leaf_value=0.027549717063929516 -0.025383194615826526 0.013065449795947801 -0.017543801449264446 -0.039913626975990553 0.0016463009318444647 0.0014554369829213401 -0.012318138527302158
leaf_weight=68.928599796257913 29.428189666010439 73.071146818576381 63.388525837101042 23.392727179685608 92.121670092456043 27.532753833103925 22.442375151440501
leaf_count=428 549 523 660 488 710 204 438
internal_value=-0.000144101 0.0083725 -0.000364287 -0.0126382 -0.00438806 0.0215767 -0.030446
internal_weight=400.306 232.921 136.46 167.385 121.55 96.4614 45.8351
internal_count=4000 1815 1183 2185 1259 632 926
is_linear=0
shrinkage=0.08


Tree=213
num_leaves=7
num_cat=0
split_feature=28 19 14 18 10 30
split_gain=5.99027 5.16815 3.97711 3.44179 3.23618 0.413392
threshold=0.51560276171630182 3.5000000000000004 1465.1974497797871 1.0000000180025095e-35 1.1556554023600272 72.500000000000014
decision_type=2 2 2 2 2 2
left_child=1 5 -2 -3 -4 -1
right_child=2 3 4 -5 -6 -7
leaf_value=-0.03383277015501758 -0.027817856495053098 0.024282057940186372 -0.01316923312151326 -0.014941620414520691 0.012987500063855276 -0.0047806513116736586
leaf_weight=52.718347411602736 15.893426834605632 24.027274744585156 28.404192585498095 25.366900763241574 209.17341732047498 15.478353476151822
leaf_count=1077 278 202 316 367 1665 95
internal_value=-0.000439916 -0.0154325 0.00614673 0.00214586 0.00923624 -0.0294037
internal_weight=371.062 117.591 253.471 49.3942 237.578 68.1967
internal_count=4000 1741 2259 569 1981 1172
is_linear=0
shrinkage=0.08


Tree=214
num_leaves=6
num_cat=0
split_feature=30 23 6 17 17
split_gain=1.72202 2.72037 2.81054 1.66472 1.62938
threshold=-14.499999999999998 0.48378986986123801 0.62935655796817735 4.5000000000000009 4.5000000000000009
decision_type=2 2 2 2 2
left_child=4 3 -3 -2 -1
right_child=1 2 -4 -5 -6
leaf_value=-0.026043771886381465 0 0.00042694500335080442 -0.017376947038029403 0.012915424204305683 0
leaf_weight=25.9921561088413 93.046237988397479 330.6910660751164 62.865538375452161 165.16696762852371 19.586988538503647
leaf_count=158 485 1895 421 949 92
internal_value=0.000485238 0.00172533 -0.00222433 0.00816103 -0.013789
internal_weight=697.349 651.77 393.557 258.213 45.5791
internal_count=4000 3750 2316 1434 250
is_linear=0
shrinkage=0.08


Tree=215
num_leaves=8
num_cat=0
split_feature=10 31 5 12 8 5 24
split_gain=6.81659 5.40391 4.5743 4.27059 2.84644 1.66339 1.47715
threshold=1.7350482040057769 1698976.7644559753 0.65899246211220819 17.500000000000004 918.71129903855888 0.24808285485348638 196.50000000000003
decision_type=2 2 2 2 2 2 2
left_child=3 2 -2 4 -1 -5 -3
right_child=1 6 -4 5 -6 -7 -8
leaf_value=0.028150149026908641 0.0032299962497964107 -0.0056553005823764303 -0.030571884103834011 0.0053825856407178135 0 -0.023820948804005912 -0.040149126244402603
leaf_weight=84.088196886703372 169.25060874642804 23.183368987869471 26.687639327254146 15.680364071391521 24.67292988859117 19.265877596568316 34.578090409515426
leaf_count=537 1395 269 471 102 198 192 836
internal_value=-0.00013806 -0.00829 -0.00116236 0.0133106 0.0213187 -0.00816538 -0.0292423
internal_weight=397.407 253.7 195.938 143.707 108.761 34.9462 57.7615
internal_count=4000 2971 1866 1029 735 294 1105
is_linear=0
shrinkage=0.08


Tree=216
num_leaves=7
num_cat=0
split_feature=5 2 8 16 15 29
split_gain=5.73116 4.05875 3.48759 3.37906 2.66837 2.60223
threshold=0.69665810975469056 0.48808084372945043 2054.3028192662268 25.500000000000004 -0.0009028254525461787 3.3110598358895511
decision_type=2 2 2 2 2 2
left_child=1 2 -1 -2 -3 -5
right_child=3 4 -4 5 -6 -7
leaf_value=-0.0048072349231585839 -0.014661198010156142 -0.036136209166738695 0.029826006808965026 0.0015210760324935527 -0.0041069171030788075 0.029237682100206636
leaf_weight=137.96511608059518 17.423185624182224 41.292829689336941 18.428873848170042 48.020399651955813 43.742268012836576 61.291291704401374
leaf_count=1309 147 786 131 362 788 477
internal_value=-0.000466506 -0.0079821 0 0.0127792 -0.0217248 0.0184962
internal_weight=368.164 241.429 156.394 126.735 85.0351 109.312
internal_count=4000 3014 1440 986 1574 839
is_linear=0
shrinkage=0.08


Tree=217
num_leaves=8
num_cat=0
split_feature=25 1 32 24 24 8 3
split_gain=1.73326 2.49732 1.99163 1.91273 1.44676 1.26483 1.21397
threshold=0.16769136412714947 -0.018610776328489342 11.500000000000002 254.50000000000003 333.50000000000006 687.97484972432528 0.42998431209145799
decision_type=2 2 2 2 2 2 2
left_child=3 5 -3 6 -5 -2 -1
right_child=1 2 -4 4 -6 -7 -8
leaf_value=-0.010997289594791801 -0.027127030059733714 0.002621888706552989 -0.01055782722044951 0.029708625702841256 0 0 0.0088584510887373888
leaf_weight=30.384887536987662 30.775598393753171 436.86452372558415 84.43196464329958 33.243066541850567 17.909360527992249 15.158608430996535 44.555912952870131
leaf_count=166 192 2411 617 188 103 85 238
internal_value=0.00052868 -0.00118447 0.000210156 0.00901329 0.0204871 -0.0185066 0
internal_weight=693.324 567.231 521.296 126.093 51.1524 45.9342 74.9408
internal_count=4000 3305 3028 695 291 277 404
is_linear=0
shrinkage=0.08


Tree=218
num_leaves=7
num_cat=0
split_feature=21 3 30 16 1 29
split_gain=6.26849 5.36052 4.07809 3.52828 2.67084 2.52977
threshold=1.0000000180025095e-35 0.34715897567833737 -2.4999999999999996 27.500000000000004 -0.00088743063167387676 3.2349489560321842
decision_type=2 2 2 2 2 2
left_child=1 5 -2 -3 -4 -1
right_child=2 3 4 -5 -6 -7
leaf_value=0.02697290402153301 0.011106293645434027 0.012426698673558534 -0.0042178370004358522 -0.011241658948310772 -0.034363240921534942 0
leaf_weight=80.060150785837322 22.326900446787477 57.857624290511012 44.374514142517 107.67245547380298 55.115095621207729 27.188387065194547
leaf_count=500 134 450 367 1100 1259 190
internal_value=-0.000188589 0.00623896 -0.015347 -0.00218289 -0.0226056 0.0200316
internal_weight=394.595 272.779 121.817 165.53 99.4896 107.249
internal_count=4000 2240 1760 1550 1626 690
is_linear=0
shrinkage=0.08


Tree=219
num_leaves=6
num_cat=0
split_feature=11 3 8 5 14
split_gain=5.61353 4.85875 5.15079 3.11818 1.39207
threshold=4.5000000000000009 0.64261887899638381 948.61459752219798 0.51317885673097208 4548.8988344767276
decision_type=2 2 2 2 2
left_child=1 2 -1 -3 -2
right_child=4 3 -4 -5 -6
leaf_value=-0.021405845195488517 -0.028764569854466494 0 0.0069423434918930603 0.023385629704938751 0
leaf_weight=71.337002621497959 46.032776116626337 62.563017033040524 80.576664902735502 88.909290032461286 15.9166396362707
leaf_count=875 1172 502 648 691 112
internal_value=-0.000437902 0.00376224 -0.00575177 0.0140072 -0.0220786
internal_weight=365.335 303.386 151.914 151.472 61.9494
internal_count=4000 2716 1523 1193 1284
is_linear=0
shrinkage=0.08


Tree=220
num_leaves=8
num_cat=0
split_feature=15 1 25 7 11 15 25
split_gain=2.2966 2.63631 2.59657 3.54474 2.07018 2.03566 0.565446
threshold=0.082678990977826397 -0.00088743063167387676 0.29194765417511798 -0.0034595128591365857 -1.0000000180025095e-35 0.096085228249386354 0.25496621226539029
decision_type=2 2 2 2 2 2 2
left_child=2 6 3 -1 -4 -3 -2
right_child=1 5 4 -5 -6 -7 -8
leaf_value=-0.0048965584921394235 -0.039031656915502179 -0.020749015418642474 -0.028549883071169693 0.012562632451083926 -0.00064292144471631539 0.011395091497361747 -0.0064895312415480981
leaf_weight=93.928645355626941 17.225205153226852 15.761964850127695 16.2594950851053 238.04892342537642 253.42794652283192 35.127461271360517 19.253874704241753
leaf_count=552 97 84 100 1366 1502 196 103
internal_value=0.000506054 -0.0111617 0.00244577 0.00726494 -0.00306108 0 -0.0266936
internal_weight=689.034 87.3685 601.665 331.978 269.687 50.8894 36.4791
internal_count=4000 480 3520 1918 1602 280 200
is_linear=0
shrinkage=0.08


Tree=221
num_leaves=6
num_cat=0
split_feature=14 18 3 28 32
split_gain=5.91225 4.42117 2.9739 2.41134 1.39118
threshold=3996.320543802301 1.0000000180025095e-35 0.43262331832809903 0.3358944511790018 6.5000000000000009
decision_type=2 2 2 2 2
left_child=1 3 -3 -1 -2
right_child=4 2 -4 -5 -6
leaf_value=0.0055796805103256611 0 0.015561174453891527 -0.00020746138855417152 -0.024680854099133426 -0.032737957690163896
leaf_weight=16.078026780392975 20.172449631616473 153.1002421118319 121.61127908411436 44.260586102493107 36.492933889385313
leaf_count=114 120 946 967 531 1322
internal_value=-0.000174584 0.0036186 0.00822166 -0.0148406 -0.0236683
internal_weight=391.716 335.05 274.712 60.3386 56.6654
internal_count=4000 2558 1913 645 1442
is_linear=0
shrinkage=0.08


Tree=222
num_leaves=8
num_cat=0
split_feature=21 3 29 10 2 8 8
split_gain=5.15179 5.18875 4.2649 3.48842 2.65576 2.57396 2.38113
threshold=1.0000000180025095e-35 0.67289278485754667 3.3110598358895511 4.5729753010604766 0.51877805168176605 1493.545262784018 1340.3572182199637
decision_type=2 2 2 2 2 2 2
left_child=2 6 5 -3 -4 -1 -2
right_child=1 3 4 -5 -6 -7 -8
leaf_value=-0.030157313109222494 -0.012008219026162838 -0.0034617880824734134 0.011651995882949226 0.029793837932213251 -0.019260982486091455 0 0.01146793942525675
leaf_weight=67.727177899563685 73.095082880929112 18.500712202861905 55.353082687593997 72.097102040424943 21.698740715626627 16.952852734364569 36.9930400243029
leaf_count=1327 802 162 476 527 312 125 269
internal_value=-0.000372777 0.00779568 -0.0111945 0.0218274 0.00105192 -0.0233611 -0.00296343
internal_weight=362.418 200.686 161.732 90.5978 77.0518 84.68 110.088
internal_count=4000 1760 2240 689 788 1452 1071
is_linear=0
shrinkage=0.08


Tree=223
num_leaves=5
num_cat=0
split_feature=22 15 18 1
split_gain=2.19376 2.11141 3.12393 2.87454
threshold=0.29131518104868703 0.082678990977826397 5.5000000000000009 -0.00088743063167387676
decision_type=2 2 2 2
left_child=-1 2 -2 -3
right_child=1 3 -4 -5
leaf_value=-0.020410198842018275 0.0048604425437797482 -0.026178824271265992 -0.024162355471642333 0.0010029627476943318
leaf_weight=27.042422419413924 553.88670186791569 35.687513496726751 20.731328187510371 48.029858367517591
leaf_count=161 3248 197 128 266
internal_value=0.000462721 0.00159026 0.00348554 -0.00970524
internal_weight=685.378 658.335 574.618 83.7174
internal_count=4000 3839 3376 463
is_linear=0
shrinkage=0.08


Tree=224
num_leaves=5
num_cat=0
split_feature=8 21 24 15
split_gain=5.98101 5.2606 5.00366 2.69994
threshold=1362.1057882378238 1.0000000180025095e-35 179.50000000000003 0.0048042538515454102
decision_type=2 2 2 2
left_child=1 2 -1 -3
right_child=-2 3 -4 -5
leaf_value=0.022837999891365521 -0.032240002354200728 -0.023474303145874155 0 0
leaf_weight=99.498364177998155 31.525448822882026 54.912645924603567 149.98165211942978 53.299082632409409
leaf_count=648 900 631 1234 587
internal_value=-0.000158859 0.00258058 0.00921445 -0.0114706
internal_weight=389.217 357.692 249.48 108.212
internal_count=4000 3100 1882 1218
is_linear=0
shrinkage=0.08


Tree=225
num_leaves=6
num_cat=0
split_feature=1 6 21 31 1
split_gain=5.03971 3.60784 3.80713 3.79352 0.0766297
threshold=-0.0061819005442505827 0.62935655796817735 1.0000000180025095e-35 2437032.3867379418 -0.012941355560300823
decision_type=2 2 2 2 2
left_child=4 2 -2 -3 -1
right_child=1 3 -4 -5 -6
leaf_value=-0.034053102590742498 -0.01283363304566444 0.0017543635528798748 0.0068410101753375906 0.042260840845230171 -0.0084427945470409802
leaf_weight=21.456710761645809 107.09677756112069 47.222448819782585 139.02915159193799 24.742134602740407 20.281374974176288
leaf_count=608 1280 371 1157 200 384
internal_value=-0.000248578 0.00292502 -0.00128978 0.0184156 -0.0256915
internal_weight=359.829 318.091 246.126 71.9646 41.7381
internal_count=4000 3008 2437 571 992
is_linear=0
shrinkage=0.08


Tree=226
num_leaves=4
num_cat=0
split_feature=30 27 7
split_gain=1.51058 1.40573 1.99157
threshold=-24.499999999999996 0.66835947138336238 -0.0010640286844071471
decision_type=2 2 2
left_child=-1 -2 -3
right_child=1 2 -4
leaf_value=-0.020668462240972775 -0.016730533628841242 -0.0025727672372375353 0.0061749070184831936
leaf_weight=17.46679281629622 22.328662145882845 282.84368382394314 359.24687778390944
leaf_count=106 141 1651 2102
internal_value=0.000430221 0.00125509 0.00214145
internal_weight=681.886 664.419 642.091
internal_count=4000 3894 3753
is_linear=0
shrinkage=0.08


Tree=227
num_leaves=6
num_cat=0
split_feature=5 31 21 15 14
split_gain=5.44994 6.13838 3.65454 2.09327 1.23423
threshold=0.54423815023904287 2530404.4239078234 1.0000000180025095e-35 0.069814095238578497 1796.7304013045712
decision_type=2 2 2 2 2
left_child=1 2 -1 4 -2
right_child=3 -3 -4 -5 -6
leaf_value=0.014353436816945656 0 -0.029443798926068493 -0.0049470544631756022 0.00087360315632459035 -0.030580083502911939
leaf_weight=198.02059185644612 16.901308640837669 26.400162670295686 78.17668865644373 16.984584107995033 50.429430237272754
leaf_count=1359 140 310 743 229 1219
internal_value=-0.000216616 0.00450952 0.00846624 -0.0181246 -0.0244561
internal_weight=386.913 302.597 276.197 84.3153 67.3307
internal_count=4000 2412 2102 1588 1359
is_linear=0
shrinkage=0.08


Tree=228
num_leaves=5
num_cat=0
split_feature=28 21 31 29
split_gain=5.35627 4.59852 4.21103 3.54908
threshold=0.23903097169269436 1.0000000180025095e-35 177343.47328335358 2.8540309702382949
decision_type=2 2 2 2
left_child=-1 3 -3 -2
right_child=1 2 -4 -5
leaf_value=-0.036864474298347473 -0.024881543322988555 -0.014054737017509381 0.016033333440273013 0
leaf_weight=21.16785853379406 49.184339152416214 29.819880129769444 159.42718491330743 98.248026518849656
leaf_count=526 868 290 1320 996
internal_value=-0.000191869 0.00206577 0.0105228 -0.00798548
internal_weight=357.847 336.679 189.247 147.432
internal_count=4000 3474 1610 1864
is_linear=0
shrinkage=0.08


Tree=229
num_leaves=6
num_cat=0
split_feature=9 28 9 28 3
split_gain=1.40381 3.18327 2.92168 4.06666 2.36083
threshold=25.500000000000004 0.62917913796367697 22.500000000000004 0.62633743647190177 0.34715897567833737
decision_type=2 2 2 2 2
left_child=2 -2 4 -4 -1
right_child=1 -3 3 -5 -6
leaf_value=-0.0063147163728548674 -0.0021580303823334835 0.035166901049831591 0.0011637612060958976 -0.030055803251329928 0.0051036344593940576
leaf_weight=155.10061413235962 23.850078677758574 20.644364049658179 44.401951186358929 44.957034256309271 390.41768771037459
leaf_count=864 141 129 257 301 2308
internal_value=0.000405692 0.0137607 -0.000402465 -0.0137098 0.00162164
internal_weight=679.372 44.4944 634.877 89.359 545.518
internal_count=4000 270 3730 558 3172
is_linear=0
shrinkage=0.08


Tree=230
num_leaves=8
num_cat=0
split_feature=10 28 9 1 26 18 29
split_gain=5.8874 4.45625 4.87485 3.63949 3.45832 2.43671 0.934668
threshold=1.7350482040057769 0.27052577730913502 11.500000000000002 -0.0056187931291120227 2.7183017339015518 3.5000000000000004 3.3222797867087279
decision_type=2 2 2 2 2 2 2
left_child=3 2 -2 6 -3 -5 -1
right_child=1 4 -4 5 -6 -7 -8
leaf_value=0.033031750727675932 0.040427265865876853 0 -0.0049142134923866486 -0.0069962517974782373 -0.021793398410742716 0.025095428957633951 0.002266058692990154
leaf_weight=43.877074172720313 19.599249560385942 69.371077068615705 33.932412688154727 60.535851288354024 122.78612056886777 16.824430644512177 18.198715794831514
leaf_count=307 118 466 258 517 2129 94 111
internal_value=-0.000225693 -0.00794992 0.0108281 0.0124228 -0.0138821 0 0.0263765
internal_weight=385.125 245.689 53.5317 139.436 192.157 77.3603 62.0758
internal_count=4000 2971 376 1029 2595 611 418
is_linear=0
shrinkage=0.08


Tree=231
num_leaves=5
num_cat=0
split_feature=28 3 14 24
split_gain=4.91062 4.33681 4.32809 3.19858
threshold=0.23903097169269436 0.67032816786177973 5834.5376311241353 228.50000000000003
decision_type=2 2 2 2
left_child=-1 2 -2 -3
right_child=1 3 -4 -5
leaf_value=-0.035721166213850457 -0.011336575954034995 -0.0016216540220809989 0.020843140906153735 0.020817076259331747
leaf_weight=20.649514953140169 158.97418091399595 52.50591416656971 27.209208628162742 96.468660845421255
leaf_count=526 1990 484 227 773
internal_value=-0.000197127 0.00193418 -0.00574352 0.0122431
internal_weight=355.807 335.158 186.183 148.975
internal_count=4000 3474 2217 1257
is_linear=0
shrinkage=0.08


Tree=232
num_leaves=8
num_cat=0
split_feature=15 25 17 33 31 14 0
split_gain=2.0702 2.9584 2.03657 1.98679 3.34569 3.29766 1.24909
threshold=0.0030391406079487014 0.31081216982356202 8.5000000000000018 1.0000000180025095e-35 209840.25261062488 973.6403791459926 96745.835206897071
decision_type=2 2 2 2 2 2 2
left_child=1 2 -1 5 -5 -2 -3
right_child=3 6 -4 4 -6 -7 -8
leaf_value=0.014756585660384122 -0.037516841838091668 -0.0087178206645218016 -0.0023305777340830794 0.020245298368109815 -0.0044414463433903265 -0.0041289604363404309 0.0071548967533947416
leaf_weight=170.72327590733767 23.221259821206331 102.08976815268397 43.826675210148096 42.677160857245326 140.86525454558432 117.18922694213688 35.202619396150112
leaf_count=977 133 585 299 239 875 665 227
internal_value=0.000379192 0.00476722 0.0107305 -0.00401959 0.000888688 -0.0111568 -0.00372663
internal_weight=675.795 351.842 214.55 323.953 183.542 140.41 137.292
internal_count=4000 2088 1276 1912 1114 798 812
is_linear=0
shrinkage=0.08


Tree=233
num_leaves=6
num_cat=0
split_feature=10 4 6 5 2
split_gain=5.34797 3.0532 3.07773 2.86565 2.10561
threshold=1.7350482040057769 29.500000000000004 0.56398315208685434 0.50621904198159184 0.48383556155538454
decision_type=2 2 2 2 2
left_child=3 2 -2 4 -1
right_child=1 -3 -4 -5 -6
leaf_value=0 0.0013547943966460742 -0.028167577907548095 -0.02193382759845567 -0.0072963969543390714 0.025370942688552448
leaf_weight=34.775160167366266 165.63090662378818 37.193832725053653 41.093333166558295 28.613762589171529 74.983344406820834
leaf_count=260 1270 1190 511 291 478
internal_value=-0.00017302 -0.00757676 -0.00294995 0.0119131 0.018046
internal_weight=382.29 243.918 206.724 138.372 109.759
internal_count=4000 2971 1781 1029 738
is_linear=0
shrinkage=0.08


Tree=234
num_leaves=5
num_cat=0
split_feature=26 13 29 27
split_gain=4.64323 4.7519 5.03472 4.61073
threshold=2.5334589833009651 0.29167829071261925 2.8354837738142402 1.1480795255978709
decision_type=2 2 2 2
left_child=-1 3 -3 -2
right_child=1 2 -4 -5
leaf_value=-0.034206429221766824 0.012953607760808351 -0.033997434471599627 0 -0.023987928451024845
leaf_weight=21.311556819011457 203.35823690611869 36.721669128863141 72.792491037631407 19.392152192536741
leaf_count=608 1665 737 814 176
internal_value=-0.000159079 0.00195335 -0.0110302 0.00892996
internal_weight=353.576 332.265 109.514 222.75
internal_count=4000 3392 1551 1841
is_linear=0
shrinkage=0.08


Tree=235
num_leaves=6
num_cat=0
split_feature=29 14 1 6 2
split_gain=1.73492 1.72434 3.48636 1.82597 1.22013
threshold=4.7932534820522799 479.40343499698002 -0.0053923055403371778 0.64104269634616695 0.27299529358377067
decision_type=2 2 2 2 2
left_child=1 2 -1 -3 -2
right_child=4 3 -4 -5 -6
leaf_value=-0.035613936958726715 -0.030597715268307794 0.0047017079561742338 0.004324023386666531 -0.0080922217502341718 0
leaf_weight=20.268156412988901 15.66235232632607 517.58143814466894 22.993305809795856 74.186632150784135 21.892348270863295
leaf_count=135 114 3006 114 490 141
internal_value=0.000356321 0.00154654 -0.0128892 0.00286332 -0.0154362
internal_weight=672.584 635.03 43.2615 591.768 37.5547
internal_count=4000 3745 249 3496 255
is_linear=0
shrinkage=0.08


Tree=236
num_leaves=5
num_cat=0
split_feature=8 10 26 13
split_gain=5.20626 4.62994 3.52399 2.15343
threshold=1362.1057882378238 10.689364254896448 2.6979034701418652 0.46589280818953166
decision_type=2 2 2 2
left_child=1 2 -1 -3
right_child=-2 3 -4 -5
leaf_value=0.017057863652530546 -0.030867345502821313 -0.027024521284765846 0 3.6499794853594975e-05
leaf_weight=121.45160975633189 29.923693252494559 40.428126549115404 169.91076670517214 18.378389498684555
leaf_count=770 900 698 1499 133
internal_value=-0.000167065 0.00235657 0.0068117 -0.0170345
internal_weight=380.093 350.169 291.362 58.8065
internal_count=4000 3100 2269 831
is_linear=0
shrinkage=0.08


Tree=237
num_leaves=7
num_cat=0
split_feature=5 24 4 2 21 19
split_gain=4.56799 3.26175 3.03796 2.82657 2.06466 0.446613
threshold=0.69665810975469056 293.50000000000006 18.500000000000004 0.48808084372945043 1.0000000180025095e-35 2.5000000000000004
decision_type=2 2 2 2 2 2
left_child=2 4 -1 -4 -2 -3
right_child=1 5 3 -5 -6 -7
leaf_value=-0.029904742532701267 -0.013042951373847462 0.0044230082015360101 0.0031287515716013547 -0.016561624074837352 0.012312571892682294 0.035443710532957813
leaf_weight=30.380581966834143 32.470512208994478 15.237504981458185 135.95997504051775 63.319133517565206 44.35921083856374 29.442514766007662
leaf_count=967 278 122 1160 887 343 243
internal_value=-0.000199898 0.0118145 -0.0071427 -0.00268728 5.93165e-06 0.0283252
internal_weight=351.169 121.51 229.66 199.279 76.8297 44.68
internal_count=4000 986 3014 2047 621 365
is_linear=0
shrinkage=0.08


Tree=238
num_leaves=5
num_cat=0
split_feature=30 6 28 18
split_gain=1.33873 1.517 2.70174 1.76899
threshold=-24.499999999999996 0.64104269634616695 0.44366837752244953 -1.0000000180025095e-35
decision_type=2 2 2 2
left_child=-1 3 -3 -2
right_child=1 2 -4 -5
leaf_value=-0.019699159383720841 -0.0098123175905071719 0.014407357741647069 -0.016634761149856667 0.0044455991120397435
leaf_weight=17.050214290618896 55.306635327637196 17.792341332882643 65.885359538719058 513.33193945884705
leaf_count=106 356 110 457 2971
internal_value=0.000359894 0.0011551 -0.00837965 0.00280471
internal_weight=669.366 652.316 83.6777 568.639
internal_count=4000 3894 567 3327
is_linear=0
shrinkage=0.08


Tree=239
num_leaves=6
num_cat=0
split_feature=29 30 30 10 16
split_gain=4.91837 4.18438 3.21116 2.80033 2.64653
threshold=2.9152897815966061 49.500000000000007 -13.499999999999998 2.2560592172616487 18.500000000000004
decision_type=2 2 2 2 2
left_child=1 3 -2 -1 -4
right_child=2 -3 4 -5 -6
leaf_value=0.022559504750909228 0.018065645408417503 -0.020982756223590988 0.0015215343713407801 0.0019955082329444727 -0.02131970942494521
leaf_weight=83.337221086025238 15.2780614644289 24.057614991208538 31.91404458321631 113.44108610367402 109.89325146179181
leaf_count=559 95 445 314 811 1776
internal_value=-0.000134365 0.00720323 -0.0111411 0.0115132 -0.0154255
internal_weight=377.921 220.836 157.085 196.778 141.807
internal_count=4000 1815 2185 1370 2090
is_linear=0
shrinkage=0.08


end of trees

feature_importances:
Column_1=99
Column_30=97
Column_32=91
Column_14=90
Column_4=85
Column_26=81
Column_8=77
Column_13=68
Column_3=65
Column_5=64
Column_10=62
Column_11=60
Column_28=58
Column_17=56
Column_9=51
Column_18=47
Column_2=46
Column_29=44
Column_6=43
Column_24=37
Column_31=30
Column_15=27
Column_21=24
Column_27=17
Column_22=16
Column_12=14
Column_19=13
Column_16=12
Column_33=10
Column_23=7
Column_0=5
Column_7=5
Column_25=4

parameters:
[boosting: gbdt]
[objective: multiclass]
[metric: multi_logloss]
[tree_learner: serial]
[device_type: cpu]
[data_sample_strategy: bagging]
[data: ]
[valid: ]
[num_iterations: 80]
[learning_rate: 0.08]
[num_leaves: 31]
[num_threads: 20]
[seed: 42]
[deterministic: 0]
[force_col_wise: 0]
[force_row_wise: 0]
[histogram_pool_size: -1]
[max_depth: 3]
[min_data_in_leaf: 20]
[min_sum_hessian_in_leaf: 15]
[bagging_fraction: 0.7]
[pos_bagging_fraction: 1]
[neg_bagging_fraction: 1]
[bagging_freq: 0]
[bagging_seed: 400]
[bagging_by_query: 0]
[feature_fraction: 0.5]
[feature_fraction_bynode: 1]
[feature_fraction_seed: 30056]
[extra_trees: 0]
[extra_seed: 12879]
[early_stopping_round: 0]
[early_stopping_min_delta: 0]
[first_metric_only: 0]
[max_delta_step: 0]
[lambda_l1: 1.5]
[lambda_l2: 3]
[linear_lambda: 0]
[min_gain_to_split: 0]
[drop_rate: 0.1]
[max_drop: 50]
[skip_drop: 0.5]
[xgboost_dart_mode: 0]
[uniform_drop: 0]
[drop_seed: 17869]
[top_rate: 0.2]
[other_rate: 0.1]
[min_data_per_group: 100]
[max_cat_threshold: 32]
[cat_l2: 10]
[cat_smooth: 10]
[max_cat_to_onehot: 4]
[top_k: 20]
[monotone_constraints: ]
[monotone_constraints_method: basic]
[monotone_penalty: 0]
[feature_contri: ]
[forcedsplits_filename: ]
[refit_decay_rate: 0.9]
[cegb_tradeoff: 1]
[cegb_penalty_split: 0]
[cegb_penalty_feature_lazy: ]
[cegb_penalty_feature_coupled: ]
[path_smooth: 0]
[interaction_constraints: ]
[verbosity: -1]
[saved_feature_importance_type: 0]
[use_quantized_grad: 0]
[num_grad_quant_bins: 4]
[quant_train_renew_leaf: 0]
[stochastic_rounding: 1]
[linear_tree: 0]
[max_bin: 255]
[max_bin_by_feature: ]
[min_data_in_bin: 3]
[bin_construct_sample_cnt: 200000]
[data_random_seed: 175]
[is_enable_sparse: 1]
[enable_bundle: 1]
[use_missing: 1]
[zero_as_missing: 0]
[feature_pre_filter: 1]
[pre_partition: 0]
[two_round: 0]
[header: 0]
[label_column: ]
[weight_column: ]
[group_column: ]
[ignore_column: ]
[categorical_feature: ]
[forcedbins_filename: ]
[precise_float_parser: 0]
[parser_config_file: ]
[objective_seed: 16083]
[num_class: 3]
[is_unbalance: 0]
[scale_pos_weight: 1]
[sigmoid: 1]
[boost_from_average: 1]
[reg_sqrt: 0]
[alpha: 0.9]
[fair_c: 1]
[poisson_max_delta_step: 0.7]
[tweedie_variance_power: 1.5]
[lambdarank_truncation_level: 30]
[lambdarank_norm: 1]
[label_gain: ]
[lambdarank_position_bias_regularization: 0]
[eval_at: ]
[multi_error_top_k: 1]
[auc_mu_weights: ]
[num_machines: 1]
[local_listen_port: 12400]
[time_out: 120]
[machine_list_filename: ]
[machines: ]
[gpu_platform_id: -1]
[gpu_device_id: -1]
[gpu_use_dp: 0]
[num_gpu: 1]

end of parameters

pandas_categorical:null
